{
    "Trampolining: (Worldwide)": -1.1978709308633042,
    "Rugby sevens: (Worldwide)": -1.109146429046615,
    "Track cycling: (Worldwide)": -1.0676273413248762,
    "Ultimate frisbee: (Worldwide)": -1.0380688936271978,
    "Mountain biking: (Worldwide)": -1.0214645599544294,
    "Road cycling: (Worldwide)": -1.0179895194266753,
    "Freestyle BMX: (Worldwide)": -0.9028042777233881,
    "BMX racing: (Worldwide)": -0.9018282489043365,
    "Flag football: (Worldwide)": -0.8945582470782614,
    "3x3 basketball: (Worldwide)": -0.8923440532425955,
    "Water polo: (Worldwide)": -0.7948446420957173,
    "Breaking: (Worldwide)": -0.7889642700185479,
    "Marathon swimming: (Worldwide)": -0.7879924382930712,
    "Canoe slalom: (Worldwide)": -0.7875128516039189,
    "Canoe sprint: (Worldwide)": -0.7867597578114846,
    "Modern pentathlon: (Worldwide)": -0.7742222803218541,
    "Beach volleyball: (Worldwide)": -0.7164788348236246,
    "Diving: (Worldwide)": -0.7095625254997011,
    "Sport climbing: (Worldwide)": -0.7065407398632287,
    "Fencing: (Worldwide)": -0.6488622913794366,
    "Rhythmic gymnastics: (Worldwide)": -0.6462615958440447,
    "Sailing: (Worldwide)": -0.6431870825973748,
    "Artistic swimming: (Worldwide)": -0.5738944253234748,
    "Rowing: (Worldwide)": -0.5092729312174723,
    "Artistic gymnastics: (Worldwide)": -0.5054913143536084,
    "Triathlon: (Worldwide)": -0.4729383966784247,
    "Taekwondo: (Worldwide)": -0.463210013980103,
    "Weightlifting: (Worldwide)": -0.4605710510894753,
    "Archery: (Worldwide)": -0.43557478175146247,
    "Judo: (Worldwide)": -0.3442091918115284,
    "Esports: (Worldwide)": -0.2029547936804678,
    "Skateboarding: (Worldwide)": 0.05969412910405935,
    "Equestrian: (Worldwide)": 0.10243656617816237,
    "Athletics: (Worldwide)": 0.18468418272195355,
    "Handball: (Worldwide)": 0.24869207817317548,
    "Table tennis: (Worldwide)": 0.292770600219676,
    "Badminton: (Worldwide)": 0.3557543989332917,
    "Surfing: (Worldwide)": 0.3607817731570705,
    "Wrestling: (Worldwide)": 0.5892206890066608,
    "Rugby union: (Worldwide)": 0.7244825804509646,
    "Ice hockey: (Worldwide)": 0.8430789094762494,
    "Shooting: (Worldwide)": 1.0683444521718692,
    "Boxing: (Worldwide)": 1.086962389120568,
    "Swimming: (Worldwide)": 1.2921506549444994,
    "Volleyball: (Worldwide)": 1.303291840769442,
    "Tennis: (Worldwide)": 1.4717330324935949,
    "Baseball: (Worldwide)": 1.476622594262529,
    "Golf: (Worldwide)": 1.6725432057249847,
    "American football: (Worldwide)": 1.7470536699925068,
    "Basketball: (Worldwide)": 1.8361160529798286,
    "Cricket: (Worldwide)": 1.941426955394694,
    "Football: (Worldwide)": 2.975044764256134
}