{"artistic swimming": {"C1": 0.5631688299711121, "C5": 0.895372487286688, "C3": 0.75, "C2": 0.9556509298998569, "C4": 1.0, "C6": 0.7050000000000001, "Final": 0.7963523213726125}, "sport climbing": {"C1": 0.600720550068522, "C5": 0.895372487286688, "C3": 0.75, "C2": 0.901111761263897, "C4": 0.9967325820825841, "C6": 0.643, "Final": 0.7822771382289766}, "athletics": {"C1": 0.4425273242364606, "C5": 0.75, "C3": 1.0, "C2": 0.901111761263897, "C4": 0.9967325820825841, "C6": 0.643, "Final": 0.7814893396622422}, "modern pentathlon": {"C1": 0.5414426482322369, "C5": 0.604627512713312, "C3": 1.0, "C2": 0.901111761263897, "C4": 0.9967325820825841, "C6": 0.643, "Final": 0.7785297187800486}, "triathlon": {"C1": 0.5741178266845007, "C5": 0.895372487286688, "C3": 0.75, "C2": 0.901111761263897, "C4": 0.9967325820825841, "C6": 0.643, "Final": 0.7768976491849526}, "canoe slalom": {"C1": 0.45959937519521005, "C5": 0.895372487286688, "C3": 0.75, "C2": 0.9556509298998569, "C4": 1.0, "C6": 0.7050000000000001, "Final": 0.7754089488005718}, "rowing": {"C1": 0.5701772328973853, "C5": 0.645372487286688, "C3": 0.75, "C2": 0.9556509298998569, "C4": 1.0, "C6": 0.7050000000000001, "Final": 0.7582815652235858}, "road cycling": {"C1": 0.31209360384516316, "C5": 0.7907449745733759, "C3": 1.0, "C2": 0.8712011577424024, "C4": 0.9729558793075354, "C6": 0.653, "Final": 0.7535849542662355}, "canoe sprint": {"C1": 0.34189444138202846, "C5": 0.895372487286688, "C3": 0.75, "C2": 0.9556509298998569, "C4": 1.0, "C6": 0.7050000000000001, "Final": 0.7516071600613068}, "equestrian": {"C1": 0.43360731326427604, "C5": 0.75, "C3": 0.75, "C2": 0.901111761263897, "C4": 0.9967325820825841, "C6": 0.643, "Final": 0.7255223585744014}, "judo": {"C1": 0.5880789111281081, "C5": 0.645372487286688, "C3": 1.0, "C2": 0.6470697501625337, "C4": 0.9383148783941478, "C6": 0.6587, "Final": 0.725340805827046}, "skateboarding": {"C1": 0.4289717624276642, "C5": 0.75, "C3": 0.75, "C2": 0.901111761263897, "C4": 0.9967325820825841, "C6": 0.643, "Final": 0.7245849772928463}, "weightlifting": {"C1": 0.5754591039516844, "C5": 0.895372487286688, "C3": 0.5, "C2": 0.901111761263897, "C4": 0.9967325820825841, "C6": 0.643, "Final": 0.723005661956365}, "mountain biking": {"C1": 0.3117167248432063, "C5": 0.895372487286688, "C3": 0.75, "C2": 0.8712011577424024, "C4": 0.9729558793075354, "C6": 0.653, "Final": 0.7158716392435128}, "marathon swimming": {"C1": 0.34176075333265993, "C5": 0.645372487286688, "C3": 0.75, "C2": 0.9556509298998569, "C4": 1.0, "C6": 0.7050000000000001, "Final": 0.7120921607947518}, "shooting": {"C1": 0.2457781384004496, "C5": 0.895372487286688, "C3": 0.75, "C2": 0.901111761263897, "C4": 0.9967325820825841, "C6": 0.643, "Final": 0.710502200480509}, "water polo": {"C1": 0.33629436294094955, "C5": 0.604627512713312, "C3": 0.75, "C2": 0.9556509298998569, "C4": 1.0, "C6": 0.7050000000000001, "Final": 0.7045510260973982}, "artistic gymnastics": {"C1": 0.570587361060799, "C5": 0.7907449745733759, "C3": 0.75, "C2": 0.6470697501625337, "C4": 0.9383148783941478, "C6": 0.6587, "Final": 0.6906023797471667}, "archery": {"C1": 0.5826068364685454, "C5": 0.5, "C3": 1.0, "C2": 0.646067415730337, "C4": 0.868138971180223, "C6": 0.5609999999999999, "Final": 0.6871062181497023}, "freestyle bmx": {"C1": 0.2713767888779238, "C5": 0.75, "C3": 0.75, "C2": 0.8712011577424024, "C4": 0.9729558793075354, "C6": 0.653, "Final": 0.684752414757232}, "rhythmic gymnastics": {"C1": 0.5553203842386363, "C5": 0.75, "C3": 0.75, "C2": 0.6470697501625337, "C4": 0.9383148783941478, "C6": 0.6587, "Final": 0.681079412341689}, "badminton": {"C1": 0.3098172067053611, "C5": 0.75, "C3": 1.0, "C2": 0.646067415730337, "C4": 0.868138971180223, "C6": 0.5609999999999999, "Final": 0.6714318303434607}, "diving": {"C1": 0.05295857213484274, "C5": 0.75, "C3": 0.75, "C2": 0.9556509298998569, "C4": 1.0, "C6": 0.7050000000000001, "Final": 0.6702179282462969}, "track cycling": {"C1": 0.306710226981816, "C5": 0.895372487286688, "C3": 0.5, "C2": 0.8712011577424024, "C4": 0.9729558793075354, "C6": 0.653, "Final": 0.6606960320537221}, "swimming": {"C1": 0.27005062030649835, "C5": 0.75, "C3": 0.5, "C2": 0.9556509298998569, "C4": 1.0, "C6": 0.7050000000000001, "Final": 0.659954139964342}, "bmx racing": {"C1": 0.29501771891741047, "C5": 0.895372487286688, "C3": 0.5, "C2": 0.8712011577424024, "C4": 0.9729558793075354, "C6": 0.653, "Final": 0.658331623037335}, "table tennis": {"C1": 0.45424963389768297, "C5": 0.75, "C3": 0.75, "C2": 0.646067415730337, "C4": 0.868138971180223, "C6": 0.5609999999999999, "Final": 0.6464751239959805}, "surfing": {"C1": 0.32956355281713307, "C5": 0.895372487286688, "C3": 0.75, "C2": 0.5641025641025641, "C4": 0.8280585670705144, "C6": 0.405, "Final": 0.6031570247144016}, "cricket": {"C1": 0.3404666635593929, "C5": 0.604627512713312, "C3": 0.75, "C2": 0.646067415730337, "C4": 0.868138971180223, "C6": 0.5609999999999999, "Final": 0.600504562935386}, "trampolining": {"C1": 0.2925849027893404, "C5": 0.5, "C3": 0.75, "C2": 0.6470697501625337, "C4": 0.9383148783941478, "C6": 0.6587, "Final": 0.5884622005631454}, "boxing": {"C1": 0.2477973118286961, "C5": 0.5, "C3": 0.75, "C2": 0.6470697501625337, "C4": 0.9383148783941478, "C6": 0.6587, "Final": 0.5794054453053086}, "esports": {"C1": 0.10790176339455577, "C5": 1.0, "C3": 0.5, "C2": 0.6470697501625337, "C4": 0.9383148783941478, "C6": 0.6587, "Final": 0.5759290815972334}, "fencing": {"C1": 0.0830767788296129, "C5": 0.75, "C3": 0.75, "C2": 0.646067415730337, "C4": 0.868138971180223, "C6": 0.5609999999999999, "Final": 0.5714181353390566}, "sailing": {"C1": 0.3527420990771046, "C5": 0.604627512713312, "C3": 0.75, "C2": 0.5641025641025641, "C4": 0.8280585670705144, "C6": 0.405, "Final": 0.5619203812607902}, "taekwondo": {"C1": 0.5751729001815478, "C5": 0.25, "C3": 0.5, "C2": 0.6470697501625337, "C4": 0.9383148783941478, "C6": 0.6587, "Final": 0.5519547578149524}, "breaking": {"C1": 0.33693210766417747, "C5": 0.5, "C3": 0.5, "C2": 0.6470697501625337, "C4": 0.9383148783941478, "C6": 0.6587, "Final": 0.543266688242552}, "ultimate frisbee": {"C1": 0.30991593298113396, "C5": 0.75, "C3": 1.0, "C2": 0.2672064777327936, "C4": 0.6429726109244839, "C6": 0.3365, "Final": 0.5349514487921504}, "rugby sevens": {"C1": 0.30220735220445616, "C5": 0.75, "C3": 1.0, "C2": 0.2672064777327936, "C4": 0.6429726109244839, "C6": 0.3365, "Final": 0.5333926525277792}, "basketball": {"C1": 0.32904536718017086, "C5": 1.0, "C3": 0.75, "C2": 0.2672064777327936, "C4": 0.6429726109244839, "C6": 0.3365, "Final": 0.5241444720865003}, "tennis": {"C1": 0.2895268902029764, "C5": 0.854627512713312, "C3": 0.25, "C2": 0.646067415730337, "C4": 0.868138971180223, "C6": 0.5609999999999999, "Final": 0.5213652759114243}, "baseball": {"C1": 0.2900571784527866, "C5": 0.895372487286688, "C3": 0.75, "C2": 0.2672064777327936, "C4": 0.6429726109244839, "C6": 0.3365, "Final": 0.4997343367416922}, "volleyball": {"C1": 0.27125891671650704, "C5": 0.895372487286688, "C3": 0.75, "C2": 0.2672064777327936, "C4": 0.6429726109244839, "C6": 0.3365, "Final": 0.49593303258206806}, "golf": {"C1": 0.3113053808610802, "C5": 0.895372487286688, "C3": 0.0, "C2": 0.646067415730337, "C4": 0.868138971180223, "C6": 0.5609999999999999, "Final": 0.4780417592338059}, "beach volleyball": {"C1": 0.3447933795700695, "C5": 0.645372487286688, "C3": 0.75, "C2": 0.2672064777327936, "C4": 0.6429726109244839, "C6": 0.3365, "Final": 0.4713148919925405}, "ice hockey": {"C1": 0.22134738652048275, "C5": 0.75, "C3": 0.75, "C2": 0.2672064777327936, "C4": 0.6429726109244839, "C6": 0.3365, "Final": 0.46287828121175983}, "flag football": {"C1": 0.3254801109553398, "C5": 0.604627512713312, "C3": 0.75, "C2": 0.2672064777327936, "C4": 0.6429726109244839, "C6": 0.3365, "Final": 0.46097370075137434}, "handball": {"C1": 0.44946918047161777, "C5": 0.75, "C3": 0.5, "C2": 0.2672064777327936, "C4": 0.6429726109244839, "C6": 0.3365, "Final": 0.45484488098904857}, "football": {"C1": 0.4525657441592591, "C5": 1.0,