{"cricket": {"C1": 0.8358207163314042, "C5": 0.604627512713312, "C3": 0.75, "C2": 0.646067415730337, "C4": 0.868138971180223, "C6": 0.5609999999999999, "Final": 0.7472764282816945}, "shooting": {"C1": 0.6214615227863037, "C5": 0.895372487286688, "C3": 0.75, "C2": 0.901111761263897, "C4": 0.9967325820825841, "C6": 0.643, "Final": 0.7295703868209316}, "swimming": {"C1": 0.6967910055945549, "C5": 0.75, "C3": 0.5, "C2": 0.9556509298998569, "C4": 1.0, "C6": 0.7050000000000001, "Final": 0.7291934102938187}, "football": {"C1": 0.993491800376773, "C5": 1.0, "C3": 0.25, "C2": 0.2672064777327936, "C4": 0.6429726109244839, "C6": 0.3365, "Final": 0.7030484911912146}, "basketball": {"C1": 0.7818139587892412, "C5": 1.0, "C3": 0.75, "C2": 0.2672064777327936, "C4": 0.6429726109244839, "C6": 0.3365, "Final": 0.672982583368969}, "athletics": {"C1": 0.42579445639047475, "C5": 0.75, "C3": 1.0, "C2": 0.901111761263897, "C4": 0.9967325820825841, "C6": 0.643, "Final": 0.6566169596318636}, "tennis": {"C1": 0.7331825359650019, "C5": 0.854627512713312, "C3": 0.25, "C2": 0.646067415730337, "C4": 0.868138971180223, "C6": 0.5609999999999999, "Final": 0.6531846731643112}, "boxing": {"C1": 0.6343248454020445, "C5": 0.5, "C3": 0.75, "C2": 0.6470697501625337, "C4": 0.9383148783941478, "C6": 0.6587, "Final": 0.6495525819482576}, "golf": {"C1": 0.7786958561815382, "C5": 0.895372487286688, "C3": 0.0, "C2": 0.646067415730337, "C4": 0.868138971180223, "C6": 0.5609999999999999, "Final": 0.6436395856425118}, "equestrian": {"C1": 0.4386536147233574, "C5": 0.75, "C3": 0.75, "C2": 0.901111761263897, "C4": 0.9967325820825841, "C6": 0.643, "Final": 0.6272689524272448}, "skateboarding": {"C1": 0.41615227406388117, "C5": 0.75, "C3": 0.75, "C2": 0.901111761263897, "C4": 0.9967325820825841, "C6": 0.643, "Final": 0.616528646166725}, "badminton": {"C1": 0.45496269199387873, "C5": 0.75, "C3": 1.0, "C2": 0.646067415730337, "C4": 0.868138971180223, "C6": 0.5609999999999999, "Final": 0.6160156045148364}, "surfing": {"C1": 0.5375233249717823, "C5": 0.895372487286688, "C3": 0.75, "C2": 0.5641025641025641, "C4": 0.8280585670705144, "C6": 0.405, "Final": 0.6080758658973895}, "baseball": {"C1": 0.6508638738468825, "C5": 0.895372487286688, "C3": 0.75, "C2": 0.2672064777327936, "C4": 0.6429726109244839, "C6": 0.3365, "Final": 0.5996503315101366}, "volleyball": {"C1": 0.6181033447103234, "C5": 0.895372487286688, "C3": 0.75, "C2": 0.2672064777327936, "C4": 0.6429726109244839, "C6": 0.3365, "Final": 0.5840131247539629}, "table tennis": {"C1": 0.44446784232482994, "C5": 0.75, "C3": 0.75, "C2": 0.646067415730337, "C4": 0.868138971180223, "C6": 0.5609999999999999, "Final": 0.5755202971494275}, "triathlon": {"C1": 0.29762840905935944, "C5": 0.895372487286688, "C3": 0.75, "C2": 0.901111761263897, "C4": 0.9967325820825841, "C6": 0.643, "Final": 0.574998849446319}, "rowing": {"C1": 0.29622712296479214, "C5": 0.645372487286688, "C3": 0.75, "C2": 0.9556509298998569, "C4": 1.0, "C6": 0.7050000000000001, "Final": 0.5626554252998923}, "american football": {"C1": 0.6857251568599353, "C5": 1.0, "C3": 0.25, "C2": 0.2672064777327936, "C4": 0.6429726109244839, "C6": 0.3365, "Final": 0.5561457773410969}, "artistic swimming": {"C1": 0.21640597883893303, "C5": 0.895372487286688, "C3": 0.75, "C2": 0.9556509298998569, "C4": 1.0, "C6": 0.7050000000000001, "Final": 0.5504265066298203}, "diving": {"C1": 0.22065292076647677, "C5": 0.75, "C3": 0.75, "C2": 0.9556509298998569, "C4": 1.0, "C6": 0.7050000000000001, "Final": 0.537409813390762}, "weightlifting": {"C1": 0.2873290557415054, "C5": 0.895372487286688, "C3": 0.5, "C2": 0.901111761263897, "C4": 0.9967325820825841, "C6": 0.643, "Final": 0.5345968561067909}, "water polo": {"C1": 0.23103454413329416, "C5": 0.604627512713312, "C3": 0.75, "C2": 0.9556509298998569, "C4": 1.0, "C6": 0.7050000000000001, "Final": 0.5273213171185265}, "ice hockey": {"C1": 0.528815695765448, "C5": 0.75, "C3": 0.75, "C2": 0.2672064777327936, "C4": 0.6429726109244839, "C6": 0.3365, "Final": 0.5263506405318181}, "judo": {"C1": 0.266132459812206, "C5": 0.645372487286688, "C3": 1.0, "C2": 0.6470697501625337, "C4": 0.9383148783941478, "C6": 0.6587, "Final": 0.5243373019200557}, "esports": {"C1": 0.335309794205808, "C5": 1.0, "C3": 0.5, "C2": 0.6470697501625337, "C4": 0.9383148783941478, "C6": 0.6587, "Final": 0.523083624485463}, "rugby union": {"C1": 0.5930732375774235, "C5": 0.75, "C3": 0.5, "C2": 0.2672064777327936, "C4": 0.6429726109244839, "C6": 0.3365, "Final": 0.5215360328350468}, "archery": {"C1": 0.29898254504697896, "C5": 0.5, "C3": 1.0, "C2": 0.646067415730337, "C4": 0.868138971180223, "C6": 0.5609999999999999, "Final": 0.5156922036998546}, "mountain biking": {"C1": 0.17703846123035172, "C5": 0.895372487286688, "C3": 0.75, "C2": 0.8712011577424024, "C4": 0.9729558793075354, "C6": 0.653, "Final": 0.5122210410523315}, "road cycling": {"C1": 0.12289161478071846, "C5": 0.7907449745733759, "C3": 1.0, "C2": 0.8712011577424024, "C4": 0.9729558793075354, "C6": 0.653, "Final": 0.5110343175117643}, "sport climbing": {"C1": 0.1303669022768748, "C5": 0.895372487286688, "C3": 0.75, "C2": 0.901111761263897, "C4": 0.9967325820825841, "C6": 0.643, "Final": 0.4951618372599656}, "canoe slalom": {"C1": 0.0959520835355542, "C5": 0.895372487286688, "C3": 0.75, "C2": 0.9556509298998569, "C4": 1.0, "C6": 0.7050000000000001, "Final": 0.49293163352829056}, "artistic gymnastics": {"C1": 0.24069031121125525, "C5": 0.7907449745733759, "C3": 0.75, "C2": 0.6470697501625337, "C4": 0.9383148783941478, "C6": 0.6587, "Final": 0.49175120939662104}, "wrestling": {"C1": 0.4825651079065855, "C5": 0.0, "C3": 0.5, "C2": 0.6470697501625337, "C4": 0.9383148783941478, "C6": 0.6587, "Final": 0.4898865488086348}, "modern pentathlon": {"C1": 0.10758149418497293, "C5": 0.604627512713312, "C3": 1.0, "C2": 0.901111761263897, "C4": 0.9967325820825841, "C6": 0.643, "Final": 0.48968418736716646}, "fencing": {"C1": 0.24306564477228831, "C5": 0.75, "C3": 0.75, "C2": 0.646067415730337, "C4": 0.868138971180223, "C6": 0.5609999999999999, "Final": 0.47938730152078574}, "canoe sprint": {"C1": 0.06530067237730026, "C5": 0.895372487286688, "C3": 0.75, "C2": 0.9556509298998569, "C4": 1.0, "C6": 0.7050000000000001, "Final": 0.4783011478101821}, "freestyle bmx": {"C1": 0.08557339871992398, "C5": 0.75, "C3": 0.75, "C2": 0.8712011577424024, "C4": 0.9729558793075354, "C6": 0.653, "Final": 0.45351923704459013}, "marathon swimming": {"C1": 0.06510487408829624, "C5": 0.645372487286688, "C3": 0.75, "C2": 0.9556509298998569, "C4": 1.0, "C6": 0.7050000000000001, "Final": 0.4523364992358919}, "rhythmic gymnastics": {"C1": 0.15867773101623336, "C5": 0.75, "C3": 0.75, "C2": 0.6470697501625337, "C4": 0.9383148783941478, "C6": 0.6587, "Final": 0.4483886033279292}, "bmx racing": {"C1": 0.11649946276176326, "C5": 0.895372487286688, "C3": 0.5, "C2": 0.8712011577424024, "C4": 0.9729558793075354, "C6": 0.653, "Final": 0.4478387354503211}, "track cycling": {"C1": 0.10816392613063906, "C5": 0.895372487286688, "C3": 0.5, "C2": 0.8712011577424024, "C4": 0.9729558793075354, "C6": 0.653, "Final": 0.4438600295759068}, "sailing": {"C1": 0.2532343892495475, "C5": 0.604627512713312, "C3": 0.75, "C2": 0.5641025641025641, "C4": 0.8280585670705144, "C6": 0.405, "Final": 0.442291821995461}, "handball": {"C1": 0.3728615544165158, "C5": 0.75, "C3": 0.5, "C2": 0.2672064777327936, "C4": 0.6429726109244839, "C6": 0.3365, "Final": 0.4164249216756927}, "taekwondo": {"C1": 0.26355492014835635, "C5": 0.25, "C3": 0.5, "C2": 0.6470697501625337, "C4": 0.9383148783941478, "C6": 0.6587, "Final": 0.4112201240653}, "breaking": {"C1": 0.20119754703480236, "C5": 0.5, "C3": 0.5, "C2": 0.6470697501625337, "C4": 0.9383148783941478, "C6": 0.6587, "Final": 0.4073269864482006}, "rugby sevens": {"C1": 0.1879542656922378, "C5": 0.75, "C3": 1.0, "C2": 0.2672064777327936, "C4": 0.6429726109244839, "C6": 0.3365, "Final": 0.39913709409613224}, "trampolining": {"C1": 0.056705073916475474, "C5": 0.5, "C3": 0.75,