{"football": {"C1": 1.0, "C5": 1.0, "C3": 0.25, "C2": 0.2672064777327936, "C4": 0.6429726109244839, "C6": 0.3365, "Final": 0.709613198183263}, "swimming": {"C1": 0.6426021778843265, "C5": 0.75, "C3": 0.5, "C2": 0.9556509298998569, "C4": 1.0, "C6": 0.7050000000000001, "Final": 0.7026134050801687}, "shooting": {"C1": 0.5539713770274497, "C5": 0.895372487286688, "C3": 0.75, "C2": 0.901111761263897, "C4": 0.9967325820825841, "C6": 0.643, "Final": 0.6956686158456372}, "cricket": {"C1": 0.6868154913888442, "C5": 0.604627512713312, "C3": 0.75, "C2": 0.646067415730337, "C4": 0.868138971180223, "C6": 0.5609999999999999, "Final": 0.6762789570527846}, "athletics": {"C1": 0.43229795262790605, "C5": 0.75, "C3": 1.0, "C2": 0.901111761263897, "C4": 0.9967325820825841, "C6": 0.643, "Final": 0.6570446848908424}, "basketball": {"C1": 0.7421183861666486, "C5": 1.0, "C3": 0.75, "C2": 0.2672064777327936, "C4": 0.6429726109244839, "C6": 0.3365, "Final": 0.6550717918597357}, "tennis": {"C1": 0.7289603979862227, "C5": 0.854627512713312, "C3": 0.25, "C2": 0.646067415730337, "C4": 0.868138971180223, "C6": 0.5609999999999999, "Final": 0.6520848808252842}, "boxing": {"C1": 0.5938884936739351, "C5": 0.5, "C3": 0.75, "C2": 0.6470697501625337, "C4": 0.9383148783941478, "C6": 0.6587, "Final": 0.6298236109251112}, "volleyball": {"C1": 0.6849525556724343, "C5": 0.895372487286688, "C3": 0.75, "C2": 0.2672064777327936, "C4": 0.6429726109244839, "C6": 0.3365, "Final": 0.6167339075196797}, "skateboarding": {"C1": 0.3971734769103553, "C5": 0.75, "C3": 0.75, "C2": 0.901111761263897, "C4": 0.9967325820825841, "C6": 0.643, "Final": 0.6049947667376265}, "equestrian": {"C1": 0.37683342718492197, "C5": 0.75, "C3": 0.75, "C2": 0.901111761263897, "C4": 0.9967325820825841, "C6": 0.643, "Final": 0.5951609654855}, "golf": {"C1": 0.673729169347511, "C5": 0.895372487286688, "C3": 0.0, "C2": 0.646067415730337, "C4": 0.868138971180223, "C6": 0.5609999999999999, "Final": 0.5944808141435244}, "baseball": {"C1": 0.5935813850991303, "C5": 0.895372487286688, "C3": 0.75, "C2": 0.2672064777327936, "C4": 0.6429726109244839, "C6": 0.3365, "Final": 0.5725586993111913}, "badminton": {"C1": 0.36618027703579, "C5": 0.75, "C3": 1.0, "C2": 0.646067415730337, "C4": 0.868138971180223, "C6": 0.5609999999999999, "Final": 0.5711965714179237}, "triathlon": {"C1": 0.29114604608335903, "C5": 0.895372487286688, "C3": 0.75, "C2": 0.901111761263897, "C4": 0.9967325820825841, "C6": 0.643, "Final": 0.5686004865432392}, "artistic swimming": {"C1": 0.26184387166685824, "C5": 0.895372487286688, "C3": 0.75, "C2": 0.9556509298998569, "C4": 1.0, "C6": 0.7050000000000001, "Final": 0.5684633158733394}, "table tennis": {"C1": 0.42867832787736976, "C5": 0.75, "C3": 0.75, "C2": 0.646067415730337, "C4": 0.868138971180223, "C6": 0.5609999999999999, "Final": 0.5663442037560688}, "surfing": {"C1": 0.4418375419671924, "C5": 0.895372487286688, "C3": 0.75, "C2": 0.5641025641025641, "C4": 0.8280585670705144, "C6": 0.405, "Final": 0.5609843491263712}, "rowing": {"C1": 0.2811314218694395, "C5": 0.645372487286688, "C3": 0.75, "C2": 0.9556509298998569, "C4": 1.0, "C6": 0.7050000000000001, "Final": 0.55222154947504}, "judo": {"C1": 0.32231069324801653, "C5": 0.645372487286688, "C3": 1.0, "C2": 0.6470697501625337, "C4": 0.9383148783941478, "C6": 0.6587, "Final": 0.5484590069581845}, "water polo": {"C1": 0.26188748437023407, "C5": 0.604627512713312, "C3": 0.75, "C2": 0.9556509298998569, "C4": 1.0, "C6": 0.7050000000000001, "Final": 0.5387508247141163}, "sport climbing": {"C1": 0.219051851418573, "C5": 0.895372487286688, "C3": 0.75, "C2": 0.901111761263897, "C4": 0.9967325820825841, "C6": 0.643, "Final": 0.5337451154239081}, "diving": {"C1": 0.22036948568188752, "C5": 0.75, "C3": 0.75, "C2": 0.9556509298998569, "C4": 1.0, "C6": 0.7050000000000001, "Final": 0.5335449114658432}, "weightlifting": {"C1": 0.2910235713148371, "C5": 0.895372487286688, "C3": 0.5, "C2": 0.901111761263897, "C4": 0.9967325820825841, "C6": 0.643, "Final": 0.5334729813342306}, "artistic gymnastics": {"C1": 0.3228560692902265, "C5": 0.7907449745733759, "C3": 0.75, "C2": 0.6470697501625337, "C4": 0.9383148783941478, "C6": 0.6587, "Final": 0.5285211757893317}, "american football": {"C1": 0.6235292449872968, "C5": 1.0, "C3": 0.25, "C2": 0.2672064777327936, "C4": 0.6429726109244839, "C6": 0.3365, "Final": 0.5276009301697899}, "ice hockey": {"C1": 0.49328214871281517, "C5": 0.75, "C3": 0.75, "C2": 0.2672064777327936, "C4": 0.6429726109244839, "C6": 0.3365, "Final": 0.5092002519666529}, "rhythmic gymnastics": {"C1": 0.2813851001829588, "C5": 0.75, "C3": 0.75, "C2": 0.6470697501625337, "C4": 0.9383148783941478, "C6": 0.6587, "Final": 0.5043043508856383}, "archery": {"C1": 0.279680204986839, "C5": 0.5, "C3": 1.0, "C2": 0.646067415730337, "C4": 0.868138971180223, "C6": 0.5609999999999999, "Final": 0.5038096767530097}, "modern pentathlon": {"C1": 0.14310662302807292, "C5": 0.604627512713312, "C3": 1.0, "C2": 0.901111761263897, "C4": 0.9967325820825841, "C6": 0.643, "Final": 0.5023626012802024}, "esports": {"C1": 0.2966816955570425, "C5": 1.0, "C3": 0.5, "C2": 0.6470697501625337, "C4": 0.9383148783941478, "C6": 0.6587, "Final": 0.5021982173961894}, "canoe sprint": {"C1": 0.09626536394998948, "C5": 0.895372487286688, "C3": 0.75, "C2": 0.9556509298998569, "C4": 1.0, "C6": 0.7050000000000001, "Final": 0.4884110958202395}, "canoe slalom": {"C1": 0.09614613818210274, "C5": 0.895372487286688, "C3": 0.75, "C2": 0.9556509298998569, "C4": 1.0, "C6": 0.7050000000000001, "Final": 0.4883534537534128}, "rugby union": {"C1": 0.5222611693543775, "C5": 0.75, "C3": 0.5, "C2": 0.2672064777327936, "C4": 0.6429726109244839, "C6": 0.3365, "Final": 0.4881424430398811}, "mountain biking": {"C1": 0.1287538675729853, "C5": 0.895372487286688, "C3": 0.75, "C2": 0.8712011577424024, "C4": 0.9729558793075354, "C6": 0.653, "Final": 0.48493217564735247}, "wrestling": {"C1": 0.4569838851434077, "C5": 0.0, "C3": 0.5, "C2": 0.6470697501625337, "C4": 0.9383148783941478, "C6": 0.6587, "Final": 0.47743263323399227}, "fencing": {"C1": 0.24055068700876175, "C5": 0.75, "C3": 0.75, "C2": 0.646067415730337, "C4": 0.868138971180223, "C6": 0.5609999999999999, "Final": 0.4753901571678708}, "marathon swimming": {"C1": 0.0960702125910849, "C5": 0.645372487286688, "C3": 0.75, "C2": 0.9556509298998569, "C4": 1.0, "C6": 0.7050000000000001, "Final": 0.46275003017752464}, "road cycling": {"C1": 0.028477859760014403, "C5": 0.7907449745733759, "C3": 1.0, "C2": 0.8712011577424024, "C4": 0.9729558793075354, "C6": 0.653, "Final": 0.46082011171378306}, "track cycling": {"C1": 0.14246450385805948, "C5": 0.895372487286688, "C3": 0.5, "C2": 0.8712011577424024, "C4": 0.9729558793075354, "C6": 0.653, "Final": 0.4564925628789197}, "freestyle bmx": {"C1": 0.0898724393490482, "C5": 0.75, "C3": 0.75, "C2": 0.8712011577424024, "C4": 0.9729558793075354, "C6": 0.653, "Final": 0.4512673881985837}, "bmx racing": {"C1": 0.0575128480708807, "C5": 0.895372487286688, "C3": 0.5, "C2": 0.8712011577424024, "C4": 0.9729558793075354, "C6": 0.653, "Final": 0.4154209966670832}, "handball": {"C1": 0.36898980438363166, "C5": 0.75, "C3": 0.5, "C2": 0.2672064777327936, "C4": 0.6429726109244839, "C6": 0.3365, "Final": 0.4140403557239489}, "taekwondo": {"C1": 0.272473111068509, "C5": 0.25, "C3": 0.5, "C2": 0.6470697501625337, "C4": 0.9383148783941478, "C6": 0.6587, "Final": 0.4137939486143008}, "breaking": {"C1": 0.2175789565246281, "C5": 0.5, "C3": 0.5, "C2": 0.6470697501625337, "C4": 0.9383148783941478, "C6": 0.6587, "Final": 0.4128209945432781}, "sailing": {"C1": 0.1764062954604314, "C5": 0.604627512713312, "C3": 0.75, "C2": 0.5641025641025641, "C4": 0.8280585670705144, "C6": 0.405, "Final": 0.40292276157116375}, "beach volleyball": {"C1": 0.2556501656345976, "C5": 0.645372487286688, "C3": 0.75, "C2": 0.2672064777327936, "C4": 0.6429726109244839, "C6": 0.3365, "Final": 0.38361241980429756}, "ultimate frisbee": {"C1": 0.13427870187229476, "C5": 0.75, "C3": 1.0,