{"shooting": {"C1": 0.6855325492211068, "C5": 0.895372487286688, "C3": 0.75, "C2": 0.901111761263897, "C4": 0.9967325820825841, "C6": 0.643, "Final": 0.7581076245673559}, "swimming": {"C1": 0.6957607951129448, "C5": 0.75, "C3": 0.5, "C2": 0.9556509298998569, "C4": 1.0, "C6": 0.7050000000000001, "Final": 0.727798889856742}, "football": {"C1": 0.965126493491504, "C5": 1.0, "C3": 0.25, "C2": 0.2672064777327936, "C4": 0.6429726109244839, "C6": 0.3365, "Final": 0.6970628082668323}, "basketball": {"C1": 0.8100998566742588, "C5": 1.0, "C3": 0.75, "C2": 0.2672064777327936, "C4": 0.6429726109244839, "C6": 0.3365, "Final": 0.6898717988672838}, "cricket": {"C1": 0.6906282481357677, "C5": 0.604627512713312, "C3": 0.75, "C2": 0.646067415730337, "C4": 0.868138971180223, "C6": 0.5609999999999999, "Final": 0.6783201976182699}, "boxing": {"C1": 0.6441947148011817, "C5": 0.5, "C3": 0.75, "C2": 0.6470697501625337, "C4": 0.9383148783941478, "C6": 0.6587, "Final": 0.6539877026193516}, "athletics": {"C1": 0.42632087800849905, "C5": 0.75, "C3": 1.0, "C2": 0.901111761263897, "C4": 0.9967325820825841, "C6": 0.643, "Final": 0.6505498199566744}, "golf": {"C1": 0.7604613752334133, "C5": 0.895372487286688, "C3": 0.0, "C2": 0.646067415730337, "C4": 0.868138971180223, "C6": 0.5609999999999999, "Final": 0.6383760969935315}, "baseball": {"C1": 0.726370338756154, "C5": 0.895372487286688, "C3": 0.75, "C2": 0.2672064777327936, "C4": 0.6429726109244839, "C6": 0.3365, "Final": 0.6381761350009191}, "tennis": {"C1": 0.6809226427047147, "C5": 0.854627512713312, "C3": 0.25, "C2": 0.646067415730337, "C4": 0.868138971180223, "C6": 0.5609999999999999, "Final": 0.6296838847729946}, "equestrian": {"C1": 0.4446366120506278, "C5": 0.75, "C3": 0.75, "C2": 0.901111761263897, "C4": 0.9967325820825841, "C6": 0.643, "Final": 0.625041236006493}, "american football": {"C1": 0.8154752941480418, "C5": 1.0, "C3": 0.25, "C2": 0.2672064777327936, "C4": 0.6429726109244839, "C6": 0.3365, "Final": 0.6234878166708997}, "skateboarding": {"C1": 0.42482198620101275, "C5": 0.75, "C3": 0.75, "C2": 0.901111761263897, "C4": 0.9967325820825841, "C6": 0.643, "Final": 0.615299510335347}, "volleyball": {"C1": 0.6794907741217151, "C5": 0.895372487286688, "C3": 0.75, "C2": 0.2672064777327936, "C4": 0.6429726109244839, "C6": 0.3365, "Final": 0.6151281167482643}, "badminton": {"C1": 0.40881545638534383, "C5": 0.75, "C3": 1.0, "C2": 0.646067415730337, "C4": 0.868138971180223, "C6": 0.5609999999999999, "Final": 0.5889137939555029}, "surfing": {"C1": 0.4998760877271078, "C5": 0.895372487286688, "C3": 0.75, "C2": 0.5641025641025641, "C4": 0.8280585670705144, "C6": 0.405, "Final": 0.5876332864152671}, "triathlon": {"C1": 0.31057486334881224, "C5": 0.895372487286688, "C3": 0.75, "C2": 0.901111761263897, "C4": 0.9967325820825841, "C6": 0.643, "Final": 0.5737622353695804}, "ice hockey": {"C1": 0.6196412971010953, "C5": 0.75, "C3": 0.75, "C2": 0.2672064777327936, "C4": 0.6429726109244839, "C6": 0.3365, "Final": 0.5710719856556865}, "rowing": {"C1": 0.32042083203226124, "C5": 0.645372487286688, "C3": 0.75, "C2": 0.9556509298998569, "C4": 1.0, "C6": 0.7050000000000001, "Final": 0.5672483289787311}, "table tennis": {"C1": 0.42953046450354204, "C5": 0.75, "C3": 0.75, "C2": 0.646067415730337, "C4": 0.868138971180223, "C6": 0.5609999999999999, "Final": 0.5645847967427322}, "artistic swimming": {"C1": 0.2591997509649325, "C5": 0.895372487286688, "C3": 0.75, "C2": 0.9556509298998569, "C4": 1.0, "C6": 0.7050000000000001, "Final": 0.5623115632238429}, "weightlifting": {"C1": 0.346257300021268, "C5": 0.895372487286688, "C3": 0.5, "C2": 0.901111761263897, "C4": 0.9967325820825841, "C6": 0.643, "Final": 0.5567918723336385}, "diving": {"C1": 0.23894278069154512, "C5": 0.75, "C3": 0.75, "C2": 0.9556509298998569, "C4": 1.0, "C6": 0.7050000000000001, "Final": 0.5377208180684933}, "archery": {"C1": 0.35178803783355406, "C5": 0.5, "C3": 1.0, "C2": 0.646067415730337, "C4": 0.868138971180223, "C6": 0.5609999999999999, "Final": 0.5357144912800891}, "wrestling": {"C1": 0.5553630556517376, "C5": 0.0, "C3": 0.5, "C2": 0.6470697501625337, "C4": 0.9383148783941478, "C6": 0.6587, "Final": 0.5254765110116777}, "judo": {"C1": 0.28119242164731506, "C5": 0.645372487286688, "C3": 1.0, "C2": 0.6470697501625337, "C4": 0.9383148783941478, "C6": 0.6587, "Final": 0.5246650342714848}, "esports": {"C1": 0.3459341525560645, "C5": 1.0, "C3": 0.5, "C2": 0.6470697501625337, "C4": 0.9383148783941478, "C6": 0.6587, "Final": 0.5231608640203651}, "water polo": {"C1": 0.22475314353575765, "C5": 0.604627512713312, "C3": 0.75, "C2": 0.9556509298998569, "C4": 1.0, "C6": 0.7050000000000001, "Final": 0.5161130358636281}, "artistic gymnastics": {"C1": 0.2903367028685374, "C5": 0.7907449745733759, "C3": 0.75, "C2": 0.6470697501625337, "C4": 0.9383148783941478, "C6": 0.6587, "Final": 0.5092789119524102}, "mountain biking": {"C1": 0.18581613472265876, "C5": 0.895372487286688, "C3": 0.75, "C2": 0.8712011577424024, "C4": 0.9729558793075354, "C6": 0.653, "Final": 0.5073504673815399}, "road cycling": {"C1": 0.13308670511238901, "C5": 0.7907449745733759, "C3": 1.0, "C2": 0.8712011577424024, "C4": 0.9729558793075354, "C6": 0.653, "Final": 0.505409175209547}, "sport climbing": {"C1": 0.14147808325232047, "C5": 0.895372487286688, "C3": 0.75, "C2": 0.901111761263897, "C4": 0.9967325820825841, "C6": 0.643, "Final": 0.49062695660749805}, "modern pentathlon": {"C1": 0.11508199722275726, "C5": 0.604627512713312, "C3": 1.0, "C2": 0.901111761263897, "C4": 0.9967325820825841, "C6": 0.643, "Final": 0.4828998028780875}, "rugby union": {"C1": 0.5080401501057736, "C5": 0.75, "C3": 0.5, "C2": 0.2672064777327936, "C4": 0.6429726109244839, "C6": 0.3365, "Final": 0.48169065312457116}, "fencing": {"C1": 0.25320529263545394, "C5": 0.75, "C3": 0.75, "C2": 0.646067415730337, "C4": 0.868138971180223, "C6": 0.5609999999999999, "Final": 0.47789572846088346}, "canoe sprint": {"C1": 0.061775829347793854, "C5": 0.895372487286688, "C3": 0.75, "C2": 0.9556509298998569, "C4": 1.0, "C6": 0.7050000000000001, "Final": 0.4652494385129017}, "canoe slalom": {"C1": 0.06166266532634693, "C5": 0.895372487286688, "C3": 0.75, "C2": 0.9556509298998569, "C4": 1.0, "C6": 0.7050000000000001, "Final": 0.4651938021934906}, "freestyle bmx": {"C1": 0.1032827706833778, "C5": 0.75, "C3": 0.75, "C2": 0.8712011577424024, "C4": 0.9729558793075354, "C6": 0.653, "Final": 0.45214195793126755}, "bmx racing": {"C1": 0.13890780618322454, "C5": 0.895372487286688, "C3": 0.5, "C2": 0.8712011577424024, "C4": 0.9729558793075354, "C6": 0.653, "Final": 0.4497749178651335}, "rhythmic gymnastics": {"C1": 0.1697884465395304, "C5": 0.75, "C3": 0.75, "C2": 0.6470697501625337, "C4": 0.9383148783941478, "C6": 0.6587, "Final": 0.44591125733797093}, "marathon swimming": {"C1": 0.061590599988772636, "C5": 0.645372487286688, "C3": 0.75, "C2": 0.9556509298998569, "C4": 1.0, "C6": 0.7050000000000001, "Final": 0.43999621051313365}, "sailing": {"C1": 0.2485994089349008, "C5": 0.604627512713312, "C3": 0.75, "C2": 0.5641025641025641, "C4": 0.8280585670705144, "C6": 0.405, "Final": 0.4348317331637164}, "taekwondo": {"C1": 0.3005014535482451, "C5": 0.25, "C3": 0.5, "C2": 0.6470697501625337, "C4": 0.9383148783941478, "C6": 0.6587, "Final": 0.42533770364020707}, "track cycling": {"C1": 0.06222571315695445, "C5": 0.895372487286688, "C3": 0.5, "C2": 0.8712011577424024, "C4": 0.9729558793075354, "C6": 0.653, "Final": 0.4120746897699497}, "handball": {"C1": 0.35425270491641425, "C5": 0.75, "C3": 0.5, "C2": 0.2672064777327936, "C4": 0.6429726109244839, "C6": 0.3365, "Final": 0.4060821044660442}, "breaking": {"C1": 0.1983287464122095, "C5": 0.5, "C3": 0.5, "C2": 0.6470697501625337, "C4": 0.9383148783941478, "C6": 0.6587, "Final": 0.4002673502023377}, "ultimate frisbee": {"C1": 0.15200002433828494, "C5": 0.75, "C3": 1.0, "C2": 0.2672064777327936, "C4": 0.6429726109244839, "C6": 0.3365, "Final": 0.37567273271417295}, "beach volleyball": {"C1": 0.2220236036949348, "C5": 0.645372487286688,