{"football": {"C1": 1.0, "C5": 1.0, "C3": 0.25, "C2": 0.2672064777327936, "C4": 0.6429726109244839, "C6": 0.3365, "Final": 0.6962416126005087}, "swimming": {"C1": 0.5943435678567719, "C5": 0.75, "C3": 0.5, "C2": 0.9556509298998569, "C4": 1.0, "C6": 0.7050000000000001, "Final": 0.6831930150478682}, "shooting": {"C1": 0.5092118573439571, "C5": 0.895372487286688, "C3": 0.75, "C2": 0.901111761263897, "C4": 0.9967325820825841, "C6": 0.643, "Final": 0.6816181414239356}, "cricket": {"C1": 0.6854402327689019, "C5": 0.604627512713312, "C3": 0.75, "C2": 0.646067415730337, "C4": 0.868138971180223, "C6": 0.5609999999999999, "Final": 0.6751615903184692}, "athletics": {"C1": 0.3873694124523518, "C5": 0.75, "C3": 1.0, "C2": 0.901111761263897, "C4": 0.9967325820825841, "C6": 0.643, "Final": 0.6467407356488729}, "basketball": {"C1": 0.7227335287915231, "C5": 1.0, "C3": 0.75, "C2": 0.2672064777327936, "C4": 0.6429726109244839, "C6": 0.3365, "Final": 0.6421525867610215}, "boxing": {"C1": 0.585404403729549, "C5": 0.5, "C3": 0.75, "C2": 0.6470697501625337, "C4": 0.9383148783941478, "C6": 0.6587, "Final": 0.627578324666891}, "tennis": {"C1": 0.6765881890278487, "C5": 0.854627512713312, "C3": 0.25, "C2": 0.646067415730337, "C4": 0.868138971180223, "C6": 0.5609999999999999, "Final": 0.6244702392191427}, "equestrian": {"C1": 0.4046730298904813, "C5": 0.75, "C3": 0.75, "C2": 0.901111761263897, "C4": 0.9967325820825841, "C6": 0.643, "Final": 0.6180118487570646}, "skateboarding": {"C1": 0.39516593897704844, "C5": 0.75, "C3": 0.75, "C2": 0.901111761263897, "C4": 0.9967325820825841, "C6": 0.643, "Final": 0.6136415821183473}, "table tennis": {"C1": 0.48930884850250367, "C5": 0.75, "C3": 0.75, "C2": 0.646067415730337, "C4": 0.868138971180223, "C6": 0.5609999999999999, "Final": 0.6005543108737232}, "golf": {"C1": 0.6895881446499699, "C5": 0.895372487286688, "C3": 0.0, "C2": 0.646067415730337, "C4": 0.868138971180223, "C6": 0.5609999999999999, "Final": 0.5981217580060672}, "badminton": {"C1": 0.3975753150930325, "C5": 0.75, "C3": 1.0, "C2": 0.646067415730337, "C4": 0.868138971180223, "C6": 0.5609999999999999, "Final": 0.5950688853482078}, "triathlon": {"C1": 0.3162038652649694, "C5": 0.895372487286688, "C3": 0.75, "C2": 0.901111761263897, "C4": 0.9967325820825841, "C6": 0.643, "Final": 0.5928952716765955}, "volleyball": {"C1": 0.6045196238490119, "C5": 0.895372487286688, "C3": 0.75, "C2": 0.2672064777327936, "C4": 0.6429726109244839, "C6": 0.3365, "Final": 0.5766188010006609}, "baseball": {"C1": 0.5833492892914498, "C5": 0.895372487286688, "C3": 0.75, "C2": 0.2672064777327936, "C4": 0.6429726109244839, "C6": 0.3365, "Final": 0.5668871167567798}, "artistic swimming": {"C1": 0.22561285957994615, "C5": 0.895372487286688, "C3": 0.75, "C2": 0.9556509298998569, "C4": 1.0, "C6": 0.7050000000000001, "Final": 0.5659275229343255}, "surfing": {"C1": 0.426304678620772, "C5": 0.895372487286688, "C3": 0.75, "C2": 0.5641025641025641, "C4": 0.8280585670705144, "C6": 0.405, "Final": 0.559330537896793}, "judo": {"C1": 0.31334073864428114, "C5": 0.645372487286688, "C3": 1.0, "C2": 0.6470697501625337, "C4": 0.9383148783941478, "C6": 0.6587, "Final": 0.5547492177494345}, "rowing": {"C1": 0.24767180043319598, "C5": 0.645372487286688, "C3": 0.75, "C2": 0.9556509298998569, "C4": 1.0, "C6": 0.7050000000000001, "Final": 0.5493236869930084}, "american football": {"C1": 0.6719895328985246, "C5": 1.0, "C3": 0.25, "C2": 0.2672064777327936, "C4": 0.6429726109244839, "C6": 0.3365, "Final": 0.5454601364816412}, "sport climbing": {"C1": 0.19693697120231182, "C5": 0.895372487286688, "C3": 0.75, "C2": 0.901111761263897, "C4": 0.9967325820825841, "C6": 0.643, "Final": 0.5380700750973757}, "ice hockey": {"C1": 0.5427745962257046, "C5": 0.75, "C3": 0.75, "C2": 0.2672064777327936, "C4": 0.6429726109244839, "C6": 0.3365, "Final": 0.5326841741929526}, "weightlifting": {"C1": 0.2519513071471762, "C5": 0.895372487286688, "C3": 0.5, "C2": 0.901111761263897, "C4": 0.9967325820825841, "C6": 0.643, "Final": 0.5266762380660022}, "water polo": {"C1": 0.2071859991290831, "C5": 0.604627512713312, "C3": 0.75, "C2": 0.9556509298998569, "C4": 1.0, "C6": 0.7050000000000001, "Final": 0.5263542390696749}, "archery": {"C1": 0.30306485866162824, "C5": 0.5, "C3": 1.0, "C2": 0.646067415730337, "C4": 0.868138971180223, "C6": 0.5609999999999999, "Final": 0.524879851507004}, "modern pentathlon": {"C1": 0.1549446191044122, "C5": 0.604627512713312, "C3": 1.0, "C2": 0.901111761263897, "C4": 0.9967325820825841, "C6": 0.643, "Final": 0.5243471887737727}, "artistic gymnastics": {"C1": 0.2801041807884566, "C5": 0.7907449745733759, "C3": 0.75, "C2": 0.6470697501625337, "C4": 0.9383148783941478, "C6": 0.6587, "Final": 0.5183391394514191}, "diving": {"C1": 0.14810526963522105, "C5": 0.75, "C3": 0.75, "C2": 0.9556509298998569, "C4": 1.0, "C6": 0.7050000000000001, "Final": 0.5147470834083793}, "canoe slalom": {"C1": 0.10094162937013385, "C5": 0.895372487286688, "C3": 0.75, "C2": 0.9556509298998569, "C4": 1.0, "C6": 0.7050000000000001, "Final": 0.5086180343478677}, "road cycling": {"C1": 0.0857260094073942, "C5": 0.7907449745733759, "C3": 1.0, "C2": 0.8712011577424024, "C4": 0.9729558793075354, "C6": 0.653, "Final": 0.5070445035313124}, "mountain biking": {"C1": 0.139723190050947, "C5": 0.895372487286688, "C3": 0.75, "C2": 0.8712011577424024, "C4": 0.9729558793075354, "C6": 0.653, "Final": 0.5063757279484029}, "esports": {"C1": 0.2808003285645653, "C5": 1.0, "C3": 0.5, "C2": 0.6470697501625337, "C4": 0.9383148783941478, "C6": 0.6587, "Final": 0.5043613135207767}, "canoe sprint": {"C1": 0.08478171059037498, "C5": 0.895372487286688, "C3": 0.75, "C2": 0.9556509298998569, "C4": 1.0, "C6": 0.7050000000000001, "Final": 0.5011895628447945}, "rhythmic gymnastics": {"C1": 0.19896844644024175, "C5": 0.75, "C3": 0.75, "C2": 0.6470697501625337, "C4": 0.9383148783941478, "C6": 0.6587, "Final": 0.4766835289714908}, "wrestling": {"C1": 0.43979420812260134, "C5": 0.0, "C3": 0.5, "C2": 0.6470697501625337, "C4": 0.9383148783941478, "C6": 0.6587, "Final": 0.4704724110426348}, "marathon swimming": {"C1": 0.07164503829335969, "C5": 0.645372487286688, "C3": 0.75, "C2": 0.9556509298998569, "C4": 1.0, "C6": 0.7050000000000001, "Final": 0.4684068331303594}, "freestyle bmx": {"C1": 0.09016657255533139, "C5": 0.75, "C3": 0.75, "C2": 0.8712011577424024, "C4": 0.9729558793075354, "C6": 0.653, "Final": 0.46804392987611704}, "handball": {"C1": 0.47674424160566203, "C5": 0.75, "C3": 0.5, "C2": 0.2672064777327936, "C4": 0.6429726109244839, "C6": 0.3365, "Final": 0.46564791428096447}, "fencing": {"C1": 0.18792817685070706, "C5": 0.75, "C3": 0.75, "C2": 0.646067415730337, "C4": 0.868138971180223, "C6": 0.5609999999999999, "Final": 0.4620141510217658}, "track cycling": {"C1": 0.10872968193129177, "C5": 0.895372487286688, "C3": 0.5, "C2": 0.8712011577424024, "C4": 0.9729558793075354, "C6": 0.653, "Final": 0.45544537916956224}, "rugby union": {"C1": 0.4491062469895687, "C5": 0.75, "C3": 0.5, "C2": 0.2672064777327936, "C4": 0.6429726109244839, "C6": 0.3365, "Final": 0.45294314402773156}, "bmx racing": {"C1": 0.09033717829187021, "C5": 0.895372487286688, "C3": 0.5, "C2": 0.8712011577424024, "C4": 0.9729558793075354, "C6": 0.653, "Final": 0.4469906220004391}, "breaking": {"C1": 0.22772152962024894, "C5": 0.5, "C3": 0.5, "C2": 0.6470697501625337, "C4": 0.9383148783941478, "C6": 0.6587, "Final": 0.42647379007154534}, "sailing": {"C1": 0.1953820565857054, "C5": 0.604627512713312, "C3": 0.75, "C2": 0.5641025641025641, "C4": 0.8280585670705144, "C6": 0.405, "Final": 0.42207614987775316}, "taekwondo": {"C1": 0.26924283303799446, "C5": 0.25, "C3": 0.5, "C2": 0.6470697501625337, "C4": 0.9383148783941478, "C6": 0.6587, "Final": 0.41881650934892933}, "trampolining": {"C1": 0.09706348885157032, "C5": 0.5, "C3": 0.75, "C2": 0.6470697501625337, "C4": 0.9383148783941478, "C6": 0.6587, "Final": 0.40309535421412085}, "beach volleyball": {"C1": 0.2523851041189413, "C5": 0.645372487286688, "C3": 0.75,