{"cricket": {"C1": 0.8358207163314042, "C5": 0.6026091626590825, "C3": 0.75, "C2": 0.646067415730337, "C4": 0.868138971180223, "C6": 0.5609999999999999, "Final": 0.7376487049045042, "Rank": 1}, "shooting": {"C1": 0.6214615227863037, "C5": 0.8447891935484183, "C3": 0.75, "C2": 0.901111761263897, "C4": 0.9967325820825841, "C6": 0.643, "Final": 0.6889636433060006, "Rank": 2}, "swimming": {"C1": 0.6967910055945549, "C5": 0.75, "C3": 0.5, "C2": 0.9556509298998569, "C4": 1.0, "C6": 0.7050000000000001, "Final": 0.681565312383098, "Rank": 3}, "basketball": {"C1": 0.7818139587892412, "C5": 1.0, "C3": 0.75, "C2": 0.2672064777327936, "C4": 0.6429726109244839, "C6": 0.3365, "Final": 0.6474285288290454, "Rank": 4}, "football": {"C1": 0.993491800376773, "C5": 1.0, "C3": 0.25, "C2": 0.2672064777327936, "C4": 0.6429726109244839, "C6": 0.3365, "Final": 0.6329863432652542, "Rank": 5}, "boxing": {"C1": 0.6343248454020445, "C5": 0.5, "C3": 0.75, "C2": 0.6470697501625337, "C4": 0.9383148783941478, "C6": 0.6587, "Final": 0.6203678979929235, "Rank": 6}, "tennis": {"C1": 0.7331825359650019, "C5": 0.8222964009221556, "C3": 0.25, "C2": 0.646067415730337, "C4": 0.868138971180223, "C6": 0.5609999999999999, "Final": 0.6084622240409617, "Rank": 7}, "athletics": {"C1": 0.42579445639047475, "C5": 0.75, "C3": 1.0, "C2": 0.901111761263897, "C4": 0.9967325820825841, "C6": 0.643, "Final": 0.5936992541701651, "Rank": 8}, "baseball": {"C1": 0.6508638738468825, "C5": 0.8447891935484183, "C3": 0.75, "C2": 0.2672064777327936, "C4": 0.6429726109244839, "C6": 0.3365, "Final": 0.5820081747087026, "Rank": 9}, "surfing": {"C1": 0.5375233249717823, "C5": 0.8447891935484183, "C3": 0.75, "C2": 0.5641025641025641, "C4": 0.8280585670705144, "C6": 0.405, "Final": 0.5803542652363262, "Rank": 10}, "golf": {"C1": 0.7786958561815382, "C5": 0.8447891935484183, "C3": 0.0, "C2": 0.646067415730337, "C4": 0.868138971180223, "C6": 0.5609999999999999, "Final": 0.5786093864847321, "Rank": 11}, "badminton": {"C1": 0.45496269199387873, "C5": 0.75, "C3": 1.0, "C2": 0.646067415730337, "C4": 0.868138971180223, "C6": 0.5609999999999999, "Final": 0.5766373922132033, "Rank": 12}, "equestrian": {"C1": 0.4386536147233574, "C5": 0.75, "C3": 0.75, "C2": 0.901111761263897, "C4": 0.9967325820825841, "C6": 0.643, "Final": 0.5699146259413409, "Rank": 13}, "volleyball": {"C1": 0.6181033447103234, "C5": 0.8447891935484183, "C3": 0.75, "C2": 0.2672064777327936, "C4": 0.6429726109244839, "C6": 0.3365, "Final": 0.5667816515223009, "Rank": 14}, "skateboarding": {"C1": 0.41615227406388117, "C5": 0.75, "C3": 0.75, "C2": 0.901111761263897, "C4": 0.9967325820825841, "C6": 0.643, "Final": 0.557579329778529, "Rank": 15}, "esports": {"C1": 0.335309794205808, "C5": 1.0, "C3": 1.0, "C2": 0.6470697501625337, "C4": 0.9383148783941478, "C6": 0.6587, "Final": 0.5416331529120427, "Rank": 16}, "table tennis": {"C1": 0.44446784232482994, "C5": 0.75, "C3": 0.75, "C2": 0.646067415730337, "C4": 0.868138971180223, "C6": 0.5609999999999999, "Final": 0.5359777901370608, "Rank": 17}, "american football": {"C1": 0.6857251568599353, "C5": 1.0, "C3": 0.25, "C2": 0.2672064777327936, "C4": 0.6429726109244839, "C6": 0.3365, "Final": 0.5358232380205324, "Rank": 18}, "ice hockey": {"C1": 0.528815695765448, "C5": 0.75, "C3": 0.75, "C2": 0.2672064777327936, "C4": 0.6429726109244839, "C6": 0.3365, "Final": 0.5144745718230863, "Rank": 19}, "triathlon": {"C1": 0.29762840905935944, "C5": 0.8447891935484183, "C3": 0.75, "C2": 0.901111761263897, "C4": 0.9967325820825841, "C6": 0.643, "Final": 0.5077232510404628, "Rank": 20}, "rugby union": {"C1": 0.5930732375774235, "C5": 0.75, "C3": 0.5, "C2": 0.2672064777327936, "C4": 0.6429726109244839, "C6": 0.3365, "Final": 0.5072780016407051, "Rank": 21}, "rowing": {"C1": 0.29622712296479214, "C5": 0.6320125519135693, "C3": 0.75, "C2": 0.9556509298998569, "C4": 1.0, "C6": 0.7050000000000001, "Final": 0.49453031308452133, "Rank": 22}, "artistic swimming": {"C1": 0.21640597883893303, "C5": 0.8447891935484183, "C3": 0.75, "C2": 0.9556509298998569, "C4": 1.0, "C6": 0.7050000000000001, "Final": 0.4818287836258315, "Rank": 23}, "judo": {"C1": 0.266132459812206, "C5": 0.6320125519135693, "C3": 1.0, "C2": 0.6470697501625337, "C4": 0.9383148783941478, "C6": 0.6587, "Final": 0.47817100084115116, "Rank": 24}, "archery": {"C1": 0.29898254504697896, "C5": 0.5, "C3": 1.0, "C2": 0.646067415730337, "C4": 0.868138971180223, "C6": 0.5609999999999999, "Final": 0.4754827034208284, "Rank": 25}, "diving": {"C1": 0.22065292076647677, "C5": 0.75, "C3": 0.75, "C2": 0.9556509298998569, "C4": 1.0, "C6": 0.7050000000000001, "Final": 0.47454796347608236, "Rank": 26}, "weightlifting": {"C1": 0.2873290557415054, "C5": 0.8447891935484183, "C3": 0.5, "C2": 0.901111761263897, "C4": 0.9967325820825841, "C6": 0.643, "Final": 0.46676206253467684, "Rank": 27}, "water polo": {"C1": 0.23103454413329416, "C5": 0.6026091626590825, "C3": 0.75, "C2": 0.9556509298998569, "C4": 1.0, "C6": 0.7050000000000001, "Final": 0.4643805047491231, "Rank": 28}, "road cycling": {"C1": 0.12289161478071846, "C5": 0.7127394326953596, "C3": 1.0, "C2": 0.8712011577424024, "C4": 0.9729558793075354, "C6": 0.653, "Final": 0.459531423963436, "Rank": 29}, "mountain biking": {"C1": 0.17703846123035172, "C5": 0.8447891935484183, "C3": 0.75, "C2": 0.8712011577424024, "C4": 0.9729558793075354, "C6": 0.653, "Final": 0.4553854581655511, "Rank": 30}, "modern pentathlon": {"C1": 0.10758149418497293, "C5": 0.6026091626590825, "C3": 1.0, "C2": 0.901111761263897, "C4": 0.9967325820825841, "C6": 0.643, "Final": 0.4491644165895279, "Rank": 31}, "sport climbing": {"C1": 0.1303669022768748, "C5": 0.8447891935484183, "C3": 0.75, "C2": 0.901111761263897, "C4": 0.9967325820825841, "C6": 0.643, "Final": 0.4435316599896819, "Rank": 32}, "canoe slalom": {"C1": 0.0959520835355542, "C5": 0.8447891935484183, "C3": 0.75, "C2": 0.9556509298998569, "C4": 1.0, "C6": 0.7050000000000001, "Final": 0.44159410485106476, "Rank": 33}, "fencing": {"C1": 0.24306564477228831, "C5": 0.75, "C3": 0.75, "C2": 0.646067415730337, "C4": 0.868138971180223, "C6": 0.5609999999999999, "Final": 0.43673327732345896, "Rank": 34}, "artistic gymnastics": {"C1": 0.24069031121125525, "C5": 0.7127394326953596, "C3": 0.75, "C2": 0.6470697501625337, "C4": 0.9383148783941478, "C6": 0.6587, "Final": 0.4355183363572974, "Rank": 35}, "canoe sprint": {"C1": 0.06530067237730026, "C5": 0.8447891935484183, "C3": 0.75, "C2": 0.9556509298998569, "C4": 1.0, "C6": 0.7050000000000001, "Final": 0.43320943391678435, "Rank": 36}, "wrestling": {"C1": 0.4825651079065855, "C5": 0.0, "C3": 0.5, "C2": 0.6470697501625337, "C4": 0.9383148783941478, "C6": 0.6587, "Final": 0.43068595610411864, "Rank": 37}, "ultimate frisbee": {"C1": 0.13085887361162402, "C5": 1.0, "C3": 1.0, "C2": 0.2672064777327936, "C4": 0.6429726109244839, "C6": 0.3365, "Final": 0.42282492068390637, "Rank": 38}, "freestyle bmx": {"C1": 0.08557339871992398, "C5": 0.75, "C3": 0.75, "C2": 0.8712011577424024, "C4": 0.9729558793075354, "C6": 0.653, "Final": 0.4171621322435406, "Rank": 39}, "marathon swimming": {"C1": 0.06510487408829624, "C5": 0.6320125519135693, "C3": 0.75, "C2": 0.9556509298998569, "C4": 1.0, "C6": 0.7050000000000001, "Final": 0.4137660912184794, "Rank": 40}, "rugby sevens": {"C1": 0.1879542656922378, "C5": 0.75, "C3": 1.0, "C2": 0.2672064777327936, "C4": 0.6429726109244839, "C6": 0.3365, "Final": 0.4135874290300379, "Rank": 41}, "rhythmic gymnastics": {"C1": 0.15867773101623336, "C5": 0.75, "C3": 0.75, "C2": 0.6470697501625337, "C4": 0.9383148783941478, "C6": 0.6587, "Final": 0.40951813373810403, "Rank": 42}, "sailing": {"C1": 0.2532343892495475, "C5": 0.6026091626590825, "C3": 0.75, "C2": 0.5641025641025641, "C4": 0.8280585670705144, "C6": 0.405, "Final": 0.40688102084180494, "Rank": 43}, "bmx racing": {"C1": 0.11649946276176326, "C5": 0.8447891935484183, "C3": 0.5, "C2": 0.8712011577424024, "C4": 0.9729558793075354, "C6": 0.653, "Final": 0.4007575696994092, "Rank": 44},