{"shooting": {"C1": 0.5865953385201994, "C5": 0.8447891935484183, "C3": 0.75, "C2": 0.901111761263897, "C4": 0.9967325820825841, "C6": 0.643, "Final": 0.7300899577813347, "Rank": 1}, "cricket": {"C1": 0.7158141543504994, "C5": 0.6026091626590825, "C3": 0.75, "C2": 0.646067415730337, "C4": 0.868138971180223, "C6": 0.5609999999999999, "Final": 0.7223908066693364, "Rank": 2}, "swimming": {"C1": 0.6624625711474978, "C5": 0.75, "C3": 0.5, "C2": 0.9556509298998569, "C4": 1.0, "C6": 0.7050000000000001, "Final": 0.7107375353606658, "Rank": 3}, "boxing": {"C1": 0.61833503103581, "C5": 0.5, "C3": 0.75, "C2": 0.6470697501625337, "C4": 0.9383148783941478, "C6": 0.6587, "Final": 0.659606420664034, "Rank": 4}, "baseball": {"C1": 0.7703254917698605, "C5": 0.8447891935484183, "C3": 0.75, "C2": 0.2672064777327936, "C4": 0.6429726109244839, "C6": 0.3365, "Final": 0.6572922256383736, "Rank": 5}, "athletics": {"C1": 0.4295781275502437, "C5": 0.75, "C3": 1.0, "C2": 0.901111761263897, "C4": 0.9967325820825841, "C6": 0.643, "Final": 0.6503387944466157, "Rank": 6}, "badminton": {"C1": 0.4877520250839335, "C5": 0.75, "C3": 1.0, "C2": 0.646067415730337, "C4": 0.868138971180223, "C6": 0.5609999999999999, "Final": 0.6477232696435448, "Rank": 7}, "basketball": {"C1": 0.6996723551915149, "C5": 1.0, "C3": 0.75, "C2": 0.2672064777327936, "C4": 0.6429726109244839, "C6": 0.3365, "Final": 0.6445978779509368, "Rank": 8}, "volleyball": {"C1": 0.682506249183833, "C5": 0.8447891935484183, "C3": 0.75, "C2": 0.2672064777327936, "C4": 0.6429726109244839, "C6": 0.3365, "Final": 0.6274945409633644, "Rank": 9}, "tennis": {"C1": 0.6969027943788517, "C5": 0.8222964009221556, "C3": 0.25, "C2": 0.646067415730337, "C4": 0.868138971180223, "C6": 0.5609999999999999, "Final": 0.6240333934133069, "Rank": 10}, "football": {"C1": 0.8742445798354472, "C5": 1.0, "C3": 0.25, "C2": 0.2672064777327936, "C4": 0.6429726109244839, "C6": 0.3365, "Final": 0.6158835282908611, "Rank": 11}, "esports": {"C1": 0.3871285318742742, "C5": 1.0, "C3": 1.0, "C2": 0.6470697501625337, "C4": 0.9383148783941478, "C6": 0.6587, "Final": 0.6150848633624818, "Rank": 12}, "table tennis": {"C1": 0.4770928666924049, "C5": 0.75, "C3": 0.75, "C2": 0.646067415730337, "C4": 0.868138971180223, "C6": 0.5609999999999999, "Final": 0.6067601463625826, "Rank": 13}, "equestrian": {"C1": 0.3973803584629561, "C5": 0.75, "C3": 0.75, "C2": 0.901111761263897, "C4": 0.9967325820825841, "C6": 0.643, "Final": 0.5991648579162178, "Rank": 14}, "golf": {"C1": 0.7735396752382024, "C5": 0.8447891935484183, "C3": 0.0, "C2": 0.646067415730337, "C4": 0.868138971180223, "C6": 0.5609999999999999, "Final": 0.5973644718193063, "Rank": 15}, "surfing": {"C1": 0.476206856305461, "C5": 0.8447891935484183, "C3": 0.75, "C2": 0.5641025641025641, "C4": 0.8280585670705144, "C6": 0.405, "Final": 0.594740118246773, "Rank": 16}, "skateboarding": {"C1": 0.35791249923426227, "C5": 0.75, "C3": 0.75, "C2": 0.901111761263897, "C4": 0.9967325820825841, "C6": 0.643, "Final": 0.5762629607425618, "Rank": 17}, "judo": {"C1": 0.375135119204115, "C5": 0.6320125519135693, "C3": 1.0, "C2": 0.6470697501625337, "C4": 0.9383148783941478, "C6": 0.6587, "Final": 0.5740477837366492, "Rank": 18}, "american football": {"C1": 0.6860210895975837, "C5": 1.0, "C3": 0.25, "C2": 0.2672064777327936, "C4": 0.6429726109244839, "C6": 0.3365, "Final": 0.5610689776739847, "Rank": 19}, "ice hockey": {"C1": 0.5403785242756654, "C5": 0.75, "C3": 0.75, "C2": 0.2672064777327936, "C4": 0.6429726109244839, "C6": 0.3365, "Final": 0.55686064112905, "Rank": 20}, "artistic swimming": {"C1": 0.2796744828258438, "C5": 0.8447891935484183, "C3": 0.75, "C2": 0.9556509298998569, "C4": 1.0, "C6": 0.7050000000000001, "Final": 0.5517914693952297, "Rank": 21}, "triathlon": {"C1": 0.2701916539892728, "C5": 0.8447891935484183, "C3": 0.75, "C2": 0.901111761263897, "C4": 0.9967325820825841, "C6": 0.643, "Final": 0.5392290311975073, "Rank": 22}, "rowing": {"C1": 0.2981135134349123, "C5": 0.6320125519135693, "C3": 0.75, "C2": 0.9556509298998569, "C4": 1.0, "C6": 0.7050000000000001, "Final": 0.5392279245786169, "Rank": 23}, "archery": {"C1": 0.34350114017042577, "C5": 0.5, "C3": 1.0, "C2": 0.646067415730337, "C4": 0.868138971180223, "C6": 0.5609999999999999, "Final": 0.5382827411663742, "Rank": 24}, "diving": {"C1": 0.26628989814503057, "C5": 0.75, "C3": 0.75, "C2": 0.9556509298998569, "C4": 1.0, "C6": 0.7050000000000001, "Final": 0.5358539539649442, "Rank": 25}, "sport climbing": {"C1": 0.25098114243685643, "C5": 0.8447891935484183, "C3": 0.75, "C2": 0.901111761263897, "C4": 0.9967325820825841, "C6": 0.643, "Final": 0.5298253197190171, "Rank": 26}, "weightlifting": {"C1": 0.30137424833518556, "C5": 0.8447891935484183, "C3": 0.5, "C2": 0.901111761263897, "C4": 0.9967325820825841, "C6": 0.643, "Final": 0.5146421773604855, "Rank": 27}, "modern pentathlon": {"C1": 0.16808638468739345, "C5": 0.6026091626590825, "C3": 1.0, "C2": 0.901111761263897, "C4": 0.9967325820825841, "C6": 0.643, "Final": 0.5045215909003218, "Rank": 28}, "water polo": {"C1": 0.2182845139055164, "C5": 0.6026091626590825, "C3": 0.75, "C2": 0.9556509298998569, "C4": 1.0, "C6": 0.7050000000000001, "Final": 0.4980652177233335, "Rank": 29}, "fencing": {"C1": 0.2794613448336497, "C5": 0.75, "C3": 0.75, "C2": 0.646067415730337, "C4": 0.868138971180223, "C6": 0.5609999999999999, "Final": 0.4938862406371819, "Rank": 30}, "artistic gymnastics": {"C1": 0.2742026976248668, "C5": 0.7127394326953596, "C3": 0.75, "C2": 0.6470697501625337, "C4": 0.9383148783941478, "C6": 0.6587, "Final": 0.49098132665562405, "Rank": 31}, "road cycling": {"C1": 0.10612179946103226, "C5": 0.7127394326953596, "C3": 1.0, "C2": 0.8712011577424024, "C4": 0.9729558793075354, "C6": 0.653, "Final": 0.48805863958495793, "Rank": 32}, "rugby union": {"C1": 0.4804058663967449, "C5": 0.75, "C3": 0.5, "C2": 0.2672064777327936, "C4": 0.6429726109244839, "C6": 0.3365, "Final": 0.48508082469439096, "Rank": 33}, "wrestling": {"C1": 0.5147278514668613, "C5": 0.0, "C3": 0.5, "C2": 0.6470697501625337, "C4": 0.9383148783941478, "C6": 0.6587, "Final": 0.482672696394272, "Rank": 34}, "ultimate frisbee": {"C1": 0.21449482038587062, "C5": 1.0, "C3": 1.0, "C2": 0.2672064777327936, "C4": 0.6429726109244839, "C6": 0.3365, "Final": 0.4771118193387123, "Rank": 35}, "mountain biking": {"C1": 0.12077067744621273, "C5": 0.8447891935484183, "C3": 0.75, "C2": 0.8712011577424024, "C4": 0.9729558793075354, "C6": 0.653, "Final": 0.47088144193618836, "Rank": 36}, "rhythmic gymnastics": {"C1": 0.2072909417198176, "C5": 0.75, "C3": 0.75, "C2": 0.6470697501625337, "C4": 0.9383148783941478, "C6": 0.6587, "Final": 0.46397830899978687, "Rank": 37}, "canoe sprint": {"C1": 0.06301412138008838, "C5": 0.8447891935484183, "C3": 0.75, "C2": 0.9556509298998569, "C4": 1.0, "C6": 0.7050000000000001, "Final": 0.463630131834532, "Rank": 38}, "canoe slalom": {"C1": 0.06289868899401439, "C5": 0.8447891935484183, "C3": 0.75, "C2": 0.9556509298998569, "C4": 1.0, "C6": 0.7050000000000001, "Final": 0.46359401254875066, "Rank": 39}, "freestyle bmx": {"C1": 0.07750962359406946, "C5": 0.75, "C3": 0.75, "C2": 0.8712011577424024, "C4": 0.9729558793075354, "C6": 0.653, "Final": 0.4460977628317721, "Rank": 40}, "handball": {"C1": 0.39926876045577536, "C5": 0.75, "C3": 0.5, "C2": 0.2672064777327936, "C4": 0.6429726109244839, "C6": 0.3365, "Final": 0.44333937940752605, "Rank": 41}, "marathon swimming": {"C1": 0.06282517911195944, "C5": 0.6320125519135693, "C3": 0.75, "C2": 0.9556509298998569, "C4": 1.0, "C6": 0.7050000000000001, "Final": 0.44306653219608555, "Rank": 42}, "sailing": {"C1": 0.2298370354899139, "C5": 0.6026091626590825, "C3": 0.75, "C2": 0.5641025641025641, "C4": 0.8280585670705144, "C6": 0.405, "Final": 0.4330294482974941, "Rank": 43}, "taekwondo": {"C1": 0.3645399484378615, "C5": 0.25, "C3": 0.5, "C2": 0.6470697501625337, "C4": 0.9383148783941478, "C6": 0.6587, "Final": 0.4288579979972219, "Rank": 44}, "flag football": {"C1": 0.09431166710458973,