{"shooting": {"C1": 0.5762341543738485, "C5": 0.8447891935484183, "C3": 0.75, "C2": 0.901111761263897, "C4": 0.9967325820825841, "C6": 0.643, "Final": 0.7200608859666836, "Rank": 1}, "cricket": {"C1": 0.7062159431511843, "C5": 0.6026091626590825, "C3": 0.75, "C2": 0.646067415730337, "C4": 0.868138971180223, "C6": 0.5609999999999999, "Final": 0.7074613514016053, "Rank": 2}, "swimming": {"C1": 0.6554094968315948, "C5": 0.75, "C3": 0.5, "C2": 0.9556509298998569, "C4": 1.0, "C6": 0.7050000000000001, "Final": 0.6990511692370541, "Rank": 3}, "athletics": {"C1": 0.4500210890849939, "C5": 0.75, "C3": 1.0, "C2": 0.901111761263897, "C4": 0.9967325820825841, "C6": 0.643, "Final": 0.6640592774935211, "Rank": 4}, "boxing": {"C1": 0.624283772210607, "C5": 0.5, "C3": 0.75, "C2": 0.6470697501625337, "C4": 0.9383148783941478, "C6": 0.6587, "Final": 0.6530983648785582, "Rank": 5}, "basketball": {"C1": 0.6884719941264303, "C5": 1.0, "C3": 0.75, "C2": 0.2672064777327936, "C4": 0.6429726109244839, "C6": 0.3365, "Final": 0.6297686688496139, "Rank": 6}, "equestrian": {"C1": 0.443302832639786, "C5": 0.75, "C3": 0.75, "C2": 0.901111761263897, "C4": 0.9967325820825841, "C6": 0.643, "Final": 0.626607775689707, "Rank": 7}, "tennis": {"C1": 0.7307141519517826, "C5": 0.8222964009221556, "C3": 0.25, "C2": 0.646067415730337, "C4": 0.868138971180223, "C6": 0.5609999999999999, "Final": 0.6229996730363486, "Rank": 8}, "badminton": {"C1": 0.44611801413837726, "C5": 0.75, "C3": 1.0, "C2": 0.646067415730337, "C4": 0.868138971180223, "C6": 0.5609999999999999, "Final": 0.6224712936657301, "Rank": 9}, "skateboarding": {"C1": 0.41662535522093236, "C5": 0.75, "C3": 0.75, "C2": 0.901111761263897, "C4": 0.9967325820825841, "C6": 0.643, "Final": 0.6110143684897866, "Rank": 10}, "volleyball": {"C1": 0.6554731362852375, "C5": 0.8447891935484183, "C3": 0.75, "C2": 0.2672064777327936, "C4": 0.6429726109244839, "C6": 0.3365, "Final": 0.6054344239879886, "Rank": 11}, "football": {"C1": 0.880371337236256, "C5": 1.0, "C3": 0.25, "C2": 0.2672064777327936, "C4": 0.6429726109244839, "C6": 0.3365, "Final": 0.6021584247420475, "Rank": 12}, "surfing": {"C1": 0.49362610118156686, "C5": 0.8447891935484183, "C3": 0.75, "C2": 0.5641025641025641, "C4": 0.8280585670705144, "C6": 0.405, "Final": 0.5997136692370977, "Rank": 13}, "table tennis": {"C1": 0.47192575151602006, "C5": 0.75, "C3": 0.75, "C2": 0.646067415730337, "C4": 0.868138971180223, "C6": 0.5609999999999999, "Final": 0.5996377753730586, "Rank": 14}, "ice hockey": {"C1": 0.6407827434551484, "C5": 0.75, "C3": 0.75, "C2": 0.2672064777327936, "C4": 0.6429726109244839, "C6": 0.3365, "Final": 0.5902193601824709, "Rank": 15}, "triathlon": {"C1": 0.3586249595723552, "C5": 0.8447891935484183, "C3": 0.75, "C2": 0.901111761263897, "C4": 0.9967325820825841, "C6": 0.643, "Final": 0.5888743045120689, "Rank": 16}, "baseball": {"C1": 0.5989790987830913, "C5": 0.8447891935484183, "C3": 0.75, "C2": 0.2672064777327936, "C4": 0.6429726109244839, "C6": 0.3365, "Final": 0.5826447860200832, "Rank": 17}, "esports": {"C1": 0.3011175998695349, "C5": 1.0, "C3": 1.0, "C2": 0.6470697501625337, "C4": 0.9383148783941478, "C6": 0.6587, "Final": 0.5748783154577443, "Rank": 18}, "golf": {"C1": 0.7496812079851656, "C5": 0.8447891935484183, "C3": 0.0, "C2": 0.646067415730337, "C4": 0.868138971180223, "C6": 0.5609999999999999, "Final": 0.5745003980291176, "Rank": 19}, "judo": {"C1": 0.344492211269127, "C5": 0.6320125519135693, "C3": 1.0, "C2": 0.6470697501625337, "C4": 0.9383148783941478, "C6": 0.6587, "Final": 0.5593503551852732, "Rank": 20}, "rowing": {"C1": 0.29885877347703466, "C5": 0.6320125519135693, "C3": 0.75, "C2": 0.9556509298998569, "C4": 1.0, "C6": 0.7050000000000001, "Final": 0.5429356749770279, "Rank": 21}, "american football": {"C1": 0.6734657758953434, "C5": 1.0, "C3": 0.25, "C2": 0.2672064777327936, "C4": 0.6429726109244839, "C6": 0.3365, "Final": 0.5419500995029318, "Rank": 22}, "artistic swimming": {"C1": 0.24567961028331037, "C5": 0.8447891935484183, "C3": 0.75, "C2": 0.9556509298998569, "C4": 1.0, "C6": 0.7050000000000001, "Final": 0.5410404204748264, "Rank": 23}, "archery": {"C1": 0.3183092857467687, "C5": 0.5, "C3": 1.0, "C2": 0.646067415730337, "C4": 0.868138971180223, "C6": 0.5609999999999999, "Final": 0.5270177111566096, "Rank": 24}, "artistic gymnastics": {"C1": 0.3288498705933051, "C5": 0.7127394326953596, "C3": 0.75, "C2": 0.6470697501625337, "C4": 0.9383148783941478, "C6": 0.6587, "Final": 0.5201484617582516, "Rank": 25}, "sport climbing": {"C1": 0.1961409211656651, "C5": 0.8447891935484183, "C3": 0.75, "C2": 0.901111761263897, "C4": 0.9967325820825841, "C6": 0.643, "Final": 0.5114974060001636, "Rank": 26}, "diving": {"C1": 0.18344439564584186, "C5": 0.75, "C3": 0.75, "C2": 0.9556509298998569, "C4": 1.0, "C6": 0.7050000000000001, "Final": 0.505262375100825, "Rank": 27}, "modern pentathlon": {"C1": 0.14361661478996246, "C5": 0.6026091626590825, "C3": 1.0, "C2": 0.901111761263897, "C4": 0.9967325820825841, "C6": 0.643, "Final": 0.5031127446007541, "Rank": 28}, "water polo": {"C1": 0.21702732546719303, "C5": 0.6026091626590825, "C3": 0.75, "C2": 0.9556509298998569, "C4": 1.0, "C6": 0.7050000000000001, "Final": 0.502987225822758, "Rank": 29}, "rugby union": {"C1": 0.5384243829687964, "C5": 0.75, "C3": 0.5, "C2": 0.2672064777327936, "C4": 0.6429726109244839, "C6": 0.3365, "Final": 0.5015009905235801, "Rank": 30}, "weightlifting": {"C1": 0.26810899853712766, "C5": 0.8447891935484183, "C3": 0.5, "C2": 0.901111761263897, "C4": 0.9967325820825841, "C6": 0.643, "Final": 0.5013581681487979, "Rank": 31}, "road cycling": {"C1": 0.11468547889634396, "C5": 0.7127394326953596, "C3": 1.0, "C2": 0.8712011577424024, "C4": 0.9729558793075354, "C6": 0.653, "Final": 0.49994194395431635, "Rank": 32}, "mountain biking": {"C1": 0.16281480088566075, "C5": 0.8447891935484183, "C3": 0.75, "C2": 0.8712011577424024, "C4": 0.9729558793075354, "C6": 0.653, "Final": 0.4945000324683565, "Rank": 33}, "canoe slalom": {"C1": 0.08576141350142619, "C5": 0.8447891935484183, "C3": 0.75, "C2": 0.9556509298998569, "C4": 1.0, "C6": 0.7050000000000001, "Final": 0.4802334410589844, "Rank": 34}, "handball": {"C1": 0.48485624263241733, "C5": 0.75, "C3": 0.5, "C2": 0.2672064777327936, "C4": 0.6429726109244839, "C6": 0.3365, "Final": 0.47581150734164046, "Rank": 35}, "freestyle bmx": {"C1": 0.13901888236326382, "C5": 0.75, "C3": 0.75, "C2": 0.8712011577424024, "C4": 0.9729558793075354, "C6": 0.653, "Final": 0.47545215760009185, "Rank": 36}, "canoe sprint": {"C1": 0.06926857078293004, "C5": 0.8447891935484183, "C3": 0.75, "C2": 0.9556509298998569, "C4": 1.0, "C6": 0.7050000000000001, "Final": 0.47515944294811374, "Rank": 37}, "rhythmic gymnastics": {"C1": 0.2125315834326787, "C5": 0.75, "C3": 0.75, "C2": 0.6470697501625337, "C4": 0.9383148783941478, "C6": 0.6587, "Final": 0.4708489971663521, "Rank": 38}, "fencing": {"C1": 0.22007177429848468, "C5": 0.75, "C3": 0.75, "C2": 0.646067415730337, "C4": 0.868138971180223, "C6": 0.5609999999999999, "Final": 0.469465732484817, "Rank": 39}, "ultimate frisbee": {"C1": 0.13044353528701313, "C5": 1.0, "C3": 1.0, "C2": 0.2672064777327936, "C4": 0.6429726109244839, "C6": 0.3365, "Final": 0.4560497244522442, "Rank": 40}, "marathon swimming": {"C1": 0.06906087510159482, "C5": 0.6320125519135693, "C3": 0.75, "C2": 0.9556509298998569, "C4": 1.0, "C6": 0.7050000000000001, "Final": 0.4540857225570553, "Rank": 41}, "wrestling": {"C1": 0.47567480690759234, "C5": 0.0, "C3": 0.5, "C2": 0.6470697501625337, "C4": 0.9383148783941478, "C6": 0.6587, "Final": 0.44890562136199974, "Rank": 42}, "bmx racing": {"C1": 0.10336086182741053, "C5": 0.8447891935484183, "C3": 0.5, "C2": 0.8712011577424024, "C4": 0.9729558793075354, "C6": 0.653, "Final": 0.4349843950608778, "Rank": 43}, "sailing": {"C1": 0.22308136655708916, "C5": 0.6026091626590825, "C3": 0.75, "C2": 0.5641025641025641, "C4": 0.8280585670705144, "C6": 0.405, "Final": 0.4321794308019616, "Rank": 44},