{"shooting": {"C1": 0.5871457004810394, "C5": 0.8447891935484183, "C3": 0.75, "C2": 0.901111761263897, "C4": 0.9967325820825841, "C6": 0.643, "Final": 0.7184018631440917, "Rank": 1}, "cricket": {"C1": 0.7068582597272641, "C5": 0.6026091626590825, "C3": 0.75, "C2": 0.646067415730337, "C4": 0.868138971180223, "C6": 0.5609999999999999, "Final": 0.7008554464489102, "Rank": 2}, "swimming": {"C1": 0.6456176988080975, "C5": 0.75, "C3": 0.5, "C2": 0.9556509298998569, "C4": 1.0, "C6": 0.7050000000000001, "Final": 0.6872313838110582, "Rank": 3}, "athletics": {"C1": 0.40118749251957575, "C5": 0.75, "C3": 1.0, "C2": 0.901111761263897, "C4": 0.9967325820825841, "C6": 0.643, "Final": 0.6300334234850966, "Rank": 4}, "boxing": {"C1": 0.5906065841908477, "C5": 0.5, "C3": 0.75, "C2": 0.6470697501625337, "C4": 0.9383148783941478, "C6": 0.6587, "Final": 0.6279589895513065, "Rank": 5}, "basketball": {"C1": 0.687282042037995, "C5": 1.0, "C3": 0.75, "C2": 0.2672064777327936, "C4": 0.6429726109244839, "C6": 0.3365, "Final": 0.6244144406072131, "Rank": 6}, "equestrian": {"C1": 0.41469609802012053, "C5": 0.75, "C3": 0.75, "C2": 0.901111761263897, "C4": 0.9967325820825841, "C6": 0.643, "Final": 0.6036757059219737, "Rank": 7}, "football": {"C1": 0.898997219415076, "C5": 1.0, "C3": 0.25, "C2": 0.2672064777327936, "C4": 0.6429726109244839, "C6": 0.3365, "Final": 0.6027587036883121, "Rank": 8}, "skateboarding": {"C1": 0.3938282368107858, "C5": 0.75, "C3": 0.75, "C2": 0.901111761263897, "C4": 0.9967325820825841, "C6": 0.643, "Final": 0.5921035397769349, "Rank": 9}, "tennis": {"C1": 0.664427988268308, "C5": 0.8222964009221556, "C3": 0.25, "C2": 0.646067415730337, "C4": 0.868138971180223, "C6": 0.5609999999999999, "Final": 0.5906876963576942, "Rank": 10}, "badminton": {"C1": 0.3916212713708427, "C5": 0.75, "C3": 1.0, "C2": 0.646067415730337, "C4": 0.868138971180223, "C6": 0.5609999999999999, "Final": 0.5874817178995896, "Rank": 11}, "baseball": {"C1": 0.6204558916172697, "C5": 0.8447891935484183, "C3": 0.75, "C2": 0.2672064777327936, "C4": 0.6429726109244839, "C6": 0.3365, "Final": 0.5861141337368826, "Rank": 12}, "volleyball": {"C1": 0.6003343832531305, "C5": 0.8447891935484183, "C3": 0.75, "C2": 0.2672064777327936, "C4": 0.6429726109244839, "C6": 0.3365, "Final": 0.5777875609581046, "Rank": 13}, "table tennis": {"C1": 0.42084613781423724, "C5": 0.75, "C3": 0.75, "C2": 0.646067415730337, "C4": 0.868138971180223, "C6": 0.5609999999999999, "Final": 0.564137262047364, "Rank": 14}, "golf": {"C1": 0.7275094660486654, "C5": 0.8447891935484183, "C3": 0.0, "C2": 0.646067415730337, "C4": 0.868138971180223, "C6": 0.5609999999999999, "Final": 0.5623178845868043, "Rank": 15}, "esports": {"C1": 0.27545755160346364, "C5": 1.0, "C3": 1.0, "C2": 0.6470697501625337, "C4": 0.9383148783941478, "C6": 0.6587, "Final": 0.559161831871292, "Rank": 16}, "triathlon": {"C1": 0.27154723215720233, "C5": 0.8447891935484183, "C3": 0.75, "C2": 0.901111761263897, "C4": 0.9967325820825841, "C6": 0.643, "Final": 0.5405546177991772, "Rank": 17}, "surfing": {"C1": 0.39255580872598184, "C5": 0.8447891935484183, "C3": 0.75, "C2": 0.5641025641025641, "C4": 0.8280585670705144, "C6": 0.405, "Final": 0.5396958196043509, "Rank": 18}, "american football": {"C1": 0.6707262576196216, "C5": 1.0, "C3": 0.25, "C2": 0.2672064777327936, "C4": 0.6429726109244839, "C6": 0.3365, "Final": 0.5360342640764783, "Rank": 19}, "rowing": {"C1": 0.2807726460090894, "C5": 0.6320125519135693, "C3": 0.75, "C2": 0.9556509298998569, "C4": 1.0, "C6": 0.7050000000000001, "Final": 0.5302081806121567, "Rank": 20}, "ice hockey": {"C1": 0.512489030871784, "C5": 0.75, "C3": 0.75, "C2": 0.2672064777327936, "C4": 0.6429726109244839, "C6": 0.3365, "Final": 0.5291047902088065, "Rank": 21}, "artistic swimming": {"C1": 0.21356415910571303, "C5": 0.8447891935484183, "C3": 0.75, "C2": 0.9556509298998569, "C4": 1.0, "C6": 0.7050000000000001, "Final": 0.5237259473163108, "Rank": 22}, "judo": {"C1": 0.26269455890761995, "C5": 0.6320125519135693, "C3": 1.0, "C2": 0.6470697501625337, "C4": 0.9383148783941478, "C6": 0.6587, "Final": 0.5173539876433656, "Rank": 23}, "rugby union": {"C1": 0.5816435504479367, "C5": 0.75, "C3": 0.5, "C2": 0.2672064777327936, "C4": 0.6429726109244839, "C6": 0.3365, "Final": 0.5159601339352494, "Rank": 24}, "diving": {"C1": 0.19358977090371612, "C5": 0.75, "C3": 0.75, "C2": 0.9556509298998569, "C4": 1.0, "C6": 0.7050000000000001, "Final": 0.5061503390190425, "Rank": 25}, "archery": {"C1": 0.2691893767949144, "C5": 0.5, "C3": 1.0, "C2": 0.646067415730337, "C4": 0.868138971180223, "C6": 0.5609999999999999, "Final": 0.5012721726062074, "Rank": 26}, "road cycling": {"C1": 0.12027708378302271, "C5": 0.7127394326953596, "C3": 1.0, "C2": 0.8712011577424024, "C4": 0.9729558793075354, "C6": 0.653, "Final": 0.49945051413177793, "Rank": 27}, "weightlifting": {"C1": 0.27124981329217634, "C5": 0.8447891935484183, "C3": 0.5, "C2": 0.901111761263897, "C4": 0.9967325820825841, "C6": 0.643, "Final": 0.4988869347446197, "Rank": 28}, "canoe sprint": {"C1": 0.1435989238248469, "C5": 0.8447891935484183, "C3": 0.75, "C2": 0.9556509298998569, "C4": 1.0, "C6": 0.7050000000000001, "Final": 0.4971596925368224, "Rank": 29}, "mountain biking": {"C1": 0.1716937936161732, "C5": 0.8447891935484183, "C3": 0.75, "C2": 0.8712011577424024, "C4": 0.9729558793075354, "C6": 0.653, "Final": 0.49498170005442094, "Rank": 30}, "modern pentathlon": {"C1": 0.12456552161736513, "C5": 0.6026091626590825, "C3": 1.0, "C2": 0.901111761263897, "C4": 0.9967325820825841, "C6": 0.643, "Final": 0.49413497896431924, "Rank": 31}, "water polo": {"C1": 0.2008304121567479, "C5": 0.6026091626590825, "C3": 0.75, "C2": 0.9556509298998569, "C4": 1.0, "C6": 0.7050000000000001, "Final": 0.4932603669460587, "Rank": 32}, "canoe slalom": {"C1": 0.12430629029138493, "C5": 0.8447891935484183, "C3": 0.75, "C2": 0.9556509298998569, "C4": 1.0, "C6": 0.7050000000000001, "Final": 0.49052691710070545, "Rank": 33}, "sport climbing": {"C1": 0.1362142641680667, "C5": 0.8447891935484183, "C3": 0.75, "C2": 0.901111761263897, "C4": 0.9967325820825841, "C6": 0.643, "Final": 0.48601419941559315, "Rank": 34}, "artistic gymnastics": {"C1": 0.23258496809469908, "C5": 0.7127394326953596, "C3": 0.75, "C2": 0.6470697501625337, "C4": 0.9383148783941478, "C6": 0.6587, "Final": 0.4710259756345727, "Rank": 35}, "fencing": {"C1": 0.20487332246086395, "C5": 0.75, "C3": 0.75, "C2": 0.646067415730337, "C4": 0.868138971180223, "C6": 0.5609999999999999, "Final": 0.46000114910042167, "Rank": 36}, "freestyle bmx": {"C1": 0.08261211893527463, "C5": 0.75, "C3": 0.75, "C2": 0.8712011577424024, "C4": 0.9729558793075354, "C6": 0.653, "Final": 0.4547409462150243, "Rank": 37}, "marathon swimming": {"C1": 0.07619221194302227, "C5": 0.6320125519135693, "C3": 0.75, "C2": 0.9556509298998569, "C4": 1.0, "C6": 0.7050000000000001, "Final": 0.45425928105156166, "Rank": 38}, "rhythmic gymnastics": {"C1": 0.16903531244533532, "C5": 0.75, "C3": 0.75, "C2": 0.6470697501625337, "C4": 0.9383148783941478, "C6": 0.6587, "Final": 0.450942721893123, "Rank": 39}, "ultimate frisbee": {"C1": 0.11184059237945926, "C5": 1.0, "C3": 1.0, "C2": 0.2672064777327936, "C4": 0.6429726109244839, "C6": 0.3365, "Final": 0.4493560641666286, "Rank": 40}, "rugby sevens": {"C1": 0.18875617324007812, "C5": 0.75, "C3": 1.0, "C2": 0.2672064777327936, "C4": 0.6429726109244839, "C6": 0.3365, "Final": 0.4444103744771194, "Rank": 41}, "track cycling": {"C1": 0.11310863861844807, "C5": 0.8447891935484183, "C3": 0.5, "C2": 0.8712011577424024, "C4": 0.9729558793075354, "C6": 0.653, "Final": 0.43586106262014934, "Rank": 42}, "bmx racing": {"C1": 0.11307267906035372, "C5": 0.8447891935484183, "C3": 0.5, "C2": 0.8712011577424024, "C4": 0.9729558793075354, "C6": 0.653, "Final": 0.435850193347647, "Rank": 43}, "sailing": {"C1": 0.23621816951024668, "C5": 0.6026091626590825, "C3": 0.75, "C2": 0.5641025641025641, "C4": 0.8280585670705144, "C6": 0.405, "Final": 0.43426316782225294, "Rank": 44},