{"cricket": {"C1": 0.6854402327689019, "C5": 0.6026091626590825, "C3": 0.75, "C2": 0.646067415730337, "C4": 0.868138971180223, "C6": 0.5609999999999999, "Final": 0.6546175473199404, "Rank": 1}, "football": {"C1": 1.0, "C5": 1.0, "C3": 0.25, "C2": 0.2672064777327936, "C4": 0.6429726109244839, "C6": 0.3365, "Final": 0.6247979156074982, "Rank": 2}, "swimming": {"C1": 0.5943435678567719, "C5": 0.75, "C3": 0.5, "C2": 0.9556509298998569, "C4": 1.0, "C6": 0.7050000000000001, "Final": 0.6213378951405506, "Rank": 3}, "shooting": {"C1": 0.5092118573439571, "C5": 0.8447891935484183, "C3": 0.75, "C2": 0.901111761263897, "C4": 0.9967325820825841, "C6": 0.643, "Final": 0.6195985059149886, "Rank": 4}, "basketball": {"C1": 0.7227335287915231, "C5": 1.0, "C3": 0.75, "C2": 0.2672064777327936, "C4": 0.6429726109244839, "C6": 0.3365, "Final": 0.6180123764435043, "Rank": 5}, "boxing": {"C1": 0.585404403729549, "C5": 0.5, "C3": 0.75, "C2": 0.6470697501625337, "C4": 0.9383148783941478, "C6": 0.6587, "Final": 0.5874331343342856, "Rank": 6}, "athletics": {"C1": 0.3873694124523518, "C5": 0.75, "C3": 1.0, "C2": 0.901111761263897, "C4": 0.9967325820825841, "C6": 0.643, "Final": 0.5766687851728435, "Rank": 7}, "tennis": {"C1": 0.6765881890278487, "C5": 0.8222964009221556, "C3": 0.25, "C2": 0.646067415730337, "C4": 0.868138971180223, "C6": 0.5609999999999999, "Final": 0.5735470110059031, "Rank": 8}, "table tennis": {"C1": 0.48930884850250367, "C5": 0.75, "C3": 0.75, "C2": 0.646067415730337, "C4": 0.868138971180223, "C6": 0.5609999999999999, "Final": 0.5601132544779805, "Rank": 9}, "volleyball": {"C1": 0.6045196238490119, "C5": 0.8447891935484183, "C3": 0.75, "C2": 0.2672064777327936, "C4": 0.6429726109244839, "C6": 0.3365, "Final": 0.5548533994953512, "Rank": 10}, "equestrian": {"C1": 0.4046730298904813, "C5": 0.75, "C3": 0.75, "C2": 0.901111761263897, "C4": 0.9967325820825841, "C6": 0.643, "Final": 0.5530260671664439, "Rank": 11}, "badminton": {"C1": 0.3975753150930325, "C5": 0.75, "C3": 1.0, "C2": 0.646067415730337, "C4": 0.868138971180223, "C6": 0.5609999999999999, "Final": 0.5483419364518726, "Rank": 12}, "skateboarding": {"C1": 0.39516593897704844, "C5": 0.75, "C3": 0.75, "C2": 0.901111761263897, "C4": 0.9967325820825841, "C6": 0.643, "Final": 0.5481575508890622, "Rank": 13}, "baseball": {"C1": 0.5833492892914498, "C5": 0.8447891935484183, "C3": 0.75, "C2": 0.2672064777327936, "C4": 0.6429726109244839, "C6": 0.3365, "Final": 0.5451532481203847, "Rank": 14}, "golf": {"C1": 0.6895881446499699, "C5": 0.8447891935484183, "C3": 0.0, "C2": 0.646067415730337, "C4": 0.868138971180223, "C6": 0.5609999999999999, "Final": 0.5338279682403096, "Rank": 15}, "esports": {"C1": 0.2808003285645653, "C5": 1.0, "C3": 1.0, "C2": 0.6470697501625337, "C4": 0.9383148783941478, "C6": 0.6587, "Final": 0.5221233102979915, "Rank": 16}, "american football": {"C1": 0.6719895328985246, "C5": 1.0, "C3": 0.25, "C2": 0.2672064777327936, "C4": 0.6429726109244839, "C6": 0.3365, "Final": 0.5216919980838948, "Rank": 17}, "triathlon": {"C1": 0.3162038652649694, "C5": 0.8447891935484183, "C3": 0.75, "C2": 0.901111761263897, "C4": 0.9967325820825841, "C6": 0.643, "Final": 0.5197138631560256, "Rank": 18}, "surfing": {"C1": 0.426304678620772, "C5": 0.8447891935484183, "C3": 0.75, "C2": 0.5641025641025641, "C4": 0.8280585670705144, "C6": 0.405, "Final": 0.5185047572255297, "Rank": 19}, "ice hockey": {"C1": 0.5427745962257046, "C5": 0.75, "C3": 0.75, "C2": 0.2672064777327936, "C4": 0.6429726109244839, "C6": 0.3365, "Final": 0.5164436191639392, "Rank": 20}, "judo": {"C1": 0.31334073864428114, "C5": 0.6320125519135693, "C3": 1.0, "C2": 0.6470697501625337, "C4": 0.9383148783941478, "C6": 0.6587, "Final": 0.5013234345104455, "Rank": 21}, "artistic swimming": {"C1": 0.22561285957994615, "C5": 0.8447891935484183, "C3": 0.75, "C2": 0.9556509298998569, "C4": 1.0, "C6": 0.7050000000000001, "Final": 0.49037546850876573, "Rank": 22}, "archery": {"C1": 0.30306485866162824, "C5": 0.5, "C3": 1.0, "C2": 0.646067415730337, "C4": 0.868138971180223, "C6": 0.5609999999999999, "Final": 0.47979654327496546, "Rank": 23}, "rowing": {"C1": 0.24767180043319598, "C5": 0.6320125519135693, "C3": 0.75, "C2": 0.9556509298998569, "C4": 1.0, "C6": 0.7050000000000001, "Final": 0.47805522372552384, "Rank": 24}, "sport climbing": {"C1": 0.19693697120231182, "C5": 0.8447891935484183, "C3": 0.75, "C2": 0.901111761263897, "C4": 0.9967325820825841, "C6": 0.643, "Final": 0.47155477380274813, "Rank": 25}, "modern pentathlon": {"C1": 0.1549446191044122, "C5": 0.6026091626590825, "C3": 1.0, "C2": 0.901111761263897, "C4": 0.9967325820825841, "C6": 0.643, "Final": 0.4696358566828073, "Rank": 26}, "water polo": {"C1": 0.2071859991290831, "C5": 0.6026091626590825, "C3": 0.75, "C2": 0.9556509298998569, "C4": 1.0, "C6": 0.7050000000000001, "Final": 0.46003013269897874, "Rank": 27}, "weightlifting": {"C1": 0.2519513071471762, "C5": 0.8447891935484183, "C3": 0.5, "C2": 0.901111761263897, "C4": 0.9967325820825841, "C6": 0.643, "Final": 0.45542268294356514, "Rank": 28}, "road cycling": {"C1": 0.0857260094073942, "C5": 0.7127394326953596, "C3": 1.0, "C2": 0.8712011577424024, "C4": 0.9729558793075354, "C6": 0.653, "Final": 0.45532808346623416, "Rank": 29}, "artistic gymnastics": {"C1": 0.2801041807884566, "C5": 0.7127394326953596, "C3": 0.75, "C2": 0.6470697501625337, "C4": 0.9383148783941478, "C6": 0.6587, "Final": 0.45506889040262444, "Rank": 30}, "diving": {"C1": 0.14810526963522105, "C5": 0.75, "C3": 0.75, "C2": 0.9556509298998569, "C4": 1.0, "C6": 0.7050000000000001, "Final": 0.45455035106181196, "Rank": 31}, "canoe slalom": {"C1": 0.10094162937013385, "C5": 0.8447891935484183, "C3": 0.75, "C2": 0.9556509298998569, "C4": 1.0, "C6": 0.7050000000000001, "Final": 0.44950318626665686, "Rank": 32}, "mountain biking": {"C1": 0.139723190050947, "C5": 0.8447891935484183, "C3": 0.75, "C2": 0.8712011577424024, "C4": 0.9729558793075354, "C6": 0.653, "Final": 0.44873953279688, "Rank": 33}, "canoe sprint": {"C1": 0.08478171059037498, "C5": 0.8447891935484183, "C3": 0.75, "C2": 0.9556509298998569, "C4": 1.0, "C6": 0.7050000000000001, "Final": 0.4450776406732564, "Rank": 34}, "handball": {"C1": 0.47674424160566203, "C5": 0.75, "C3": 0.5, "C2": 0.2672064777327936, "C4": 0.6429726109244839, "C6": 0.3365, "Final": 0.4422283915360899, "Rank": 35}, "rugby union": {"C1": 0.4491062469895687, "C5": 0.75, "C3": 0.5, "C2": 0.2672064777327936, "C4": 0.6429726109244839, "C6": 0.3365, "Final": 0.42870213222875553, "Rank": 36}, "rhythmic gymnastics": {"C1": 0.19896844644024175, "C5": 0.75, "C3": 0.75, "C2": 0.6470697501625337, "C4": 0.9383148783941478, "C6": 0.6587, "Final": 0.42797777432350914, "Rank": 37}, "freestyle bmx": {"C1": 0.09016657255533139, "C5": 0.75, "C3": 0.75, "C2": 0.8712011577424024, "C4": 0.9729558793075354, "C6": 0.653, "Final": 0.4248008130575964, "Rank": 38}, "ultimate frisbee": {"C1": 0.10897022265504068, "C5": 1.0, "C3": 1.0, "C2": 0.2672064777327936, "C4": 0.6429726109244839, "C6": 0.3365, "Final": 0.4223915640726252, "Rank": 39}, "marathon swimming": {"C1": 0.07164503829335969, "C5": 0.6320125519135693, "C3": 0.75, "C2": 0.9556509298998569, "C4": 1.0, "C6": 0.7050000000000001, "Final": 0.42191342905312484, "Rank": 40}, "fencing": {"C1": 0.18792817685070706, "C5": 0.75, "C3": 0.75, "C2": 0.646067415730337, "C4": 0.868138971180223, "C6": 0.5609999999999999, "Final": 0.4198996441427905, "Rank": 41}, "flag football": {"C1": 0.12082070540293577, "C5": 0.8222964009221556, "C3": 1.0, "C2": 0.2672064777327936, "C4": 0.6429726109244839, "C6": 0.3365, "Final": 0.4071720223645417, "Rank": 42}, "track cycling": {"C1": 0.10872968193129177, "C5": 0.8447891935484183, "C3": 0.5, "C2": 0.8712011577424024, "C4": 0.9729558793075354, "C6": 0.653, "Final": 0.4042072710684727, "Rank": 43}, "wrestling": {"C1": 0.43979420812260134, "C5": 0.0, "C3": 0.5, "C2": 0.6470697501625337, "C4": 0.9383148783941478, "C6": 0.6587, "Final": 0.402068535156954, "Rank": 44},