{"shooting": {"C1": 0.5247152179389877, "C5": 0.8447891935484183, "C3": 0.75, "C2": 0.901111761263897, "C4": 0.9967325820825841, "C6": 0.643, "Final": 0.7427881624820858, "Rank": 1}, "athletics": {"C1": 0.448578886364978, "C5": 0.75, "C3": 1.0, "C2": 0.901111761263897, "C4": 0.9967325820825841, "C6": 0.643, "Final": 0.7243717251550706, "Rank": 2}, "swimming": {"C1": 0.601622419068778, "C5": 0.75, "C3": 0.5, "C2": 0.9556509298998569, "C4": 1.0, "C6": 0.7050000000000001, "Final": 0.6989151926006676, "Rank": 3}, "skateboarding": {"C1": 0.46287693343576825, "C5": 0.75, "C3": 0.75, "C2": 0.901111761263897, "C4": 0.9967325820825841, "C6": 0.643, "Final": 0.6933998258434901, "Rank": 4}, "badminton": {"C1": 0.4813689290669224, "C5": 0.75, "C3": 1.0, "C2": 0.646067415730337, "C4": 0.868138971180223, "C6": 0.5609999999999999, "Final": 0.6901159355076159, "Rank": 5}, "cricket": {"C1": 0.611574803628125, "C5": 0.6026091626590825, "C3": 0.75, "C2": 0.646067415730337, "C4": 0.868138971180223, "C6": 0.5609999999999999, "Final": 0.6834478511233655, "Rank": 6}, "equestrian": {"C1": 0.441631526358237, "C5": 0.75, "C3": 0.75, "C2": 0.901111761263897, "C4": 0.9967325820825841, "C6": 0.643, "Final": 0.6813782664254158, "Rank": 7}, "boxing": {"C1": 0.5961179982619124, "C5": 0.5, "C3": 0.75, "C2": 0.6470697501625337, "C4": 0.9383148783941478, "C6": 0.6587, "Final": 0.6609357055403865, "Rank": 8}, "triathlon": {"C1": 0.3824783651923089, "C5": 0.8447891935484183, "C3": 0.75, "C2": 0.901111761263897, "C4": 0.9967325820825841, "C6": 0.643, "Final": 0.6608920302115932, "Rank": 9}, "table tennis": {"C1": 0.5037803047955163, "C5": 0.75, "C3": 0.75, "C2": 0.646067415730337, "C4": 0.868138971180223, "C6": 0.5609999999999999, "Final": 0.6595067574111051, "Rank": 10}, "judo": {"C1": 0.41633969849889646, "C5": 0.6320125519135693, "C3": 1.0, "C2": 0.6470697501625337, "C4": 0.9383148783941478, "C6": 0.6587, "Final": 0.6447100512429542, "Rank": 11}, "artistic swimming": {"C1": 0.2903080946272571, "C5": 0.8447891935484183, "C3": 0.75, "C2": 0.9556509298998569, "C4": 1.0, "C6": 0.7050000000000001, "Final": 0.6207586537563751, "Rank": 12}, "surfing": {"C1": 0.4553652425089511, "C5": 0.8447891935484183, "C3": 0.75, "C2": 0.5641025641025641, "C4": 0.8280585670705144, "C6": 0.405, "Final": 0.6178719619571172, "Rank": 13}, "rowing": {"C1": 0.33026019875931867, "C5": 0.6320125519135693, "C3": 0.75, "C2": 0.9556509298998569, "C4": 1.0, "C6": 0.7050000000000001, "Final": 0.612847096455945, "Rank": 14}, "esports": {"C1": 0.25155782975096075, "C5": 1.0, "C3": 1.0, "C2": 0.6470697501625337, "C4": 0.9383148783941478, "C6": 0.6587, "Final": 0.6088331891543566, "Rank": 15}, "basketball": {"C1": 0.593292683818789, "C5": 1.0, "C3": 0.75, "C2": 0.2672064777327936, "C4": 0.6429726109244839, "C6": 0.3365, "Final": 0.6045249160173826, "Rank": 16}, "tennis": {"C1": 0.681387215954645, "C5": 0.8222964009221556, "C3": 0.25, "C2": 0.646067415730337, "C4": 0.868138971180223, "C6": 0.5609999999999999, "Final": 0.6021646875636634, "Rank": 17}, "sport climbing": {"C1": 0.2631378040458996, "C5": 0.8447891935484183, "C3": 0.75, "C2": 0.901111761263897, "C4": 0.9967325820825841, "C6": 0.643, "Final": 0.599375602143414, "Rank": 18}, "archery": {"C1": 0.3744626855693094, "C5": 0.5, "C3": 1.0, "C2": 0.646067415730337, "C4": 0.868138971180223, "C6": 0.5609999999999999, "Final": 0.5988138716145477, "Rank": 19}, "modern pentathlon": {"C1": 0.23030234123880247, "C5": 0.6026091626590825, "C3": 1.0, "C2": 0.901111761263897, "C4": 0.9967325820825841, "C6": 0.643, "Final": 0.5931503394925662, "Rank": 20}, "ice hockey": {"C1": 0.6298877486306904, "C5": 0.75, "C3": 0.75, "C2": 0.2672064777327936, "C4": 0.6429726109244839, "C6": 0.3365, "Final": 0.5900062702276071, "Rank": 21}, "weightlifting": {"C1": 0.34657122206157487, "C5": 0.8447891935484183, "C3": 0.5, "C2": 0.901111761263897, "C4": 0.9967325820825841, "C6": 0.643, "Final": 0.585889878387264, "Rank": 22}, "volleyball": {"C1": 0.57690191927943, "C5": 0.8447891935484183, "C3": 0.75, "C2": 0.2672064777327936, "C4": 0.6429726109244839, "C6": 0.3365, "Final": 0.5841136193416475, "Rank": 23}, "canoe slalom": {"C1": 0.20305623475931683, "C5": 0.8447891935484183, "C3": 0.75, "C2": 0.9556509298998569, "C4": 1.0, "C6": 0.7050000000000001, "Final": 0.580655144773521, "Rank": 24}, "baseball": {"C1": 0.5616073075245641, "C5": 0.8447891935484183, "C3": 0.75, "C2": 0.2672064777327936, "C4": 0.6429726109244839, "C6": 0.3365, "Final": 0.5790343529293587, "Rank": 25}, "canoe sprint": {"C1": 0.1715991896561998, "C5": 0.8447891935484183, "C3": 0.75, "C2": 0.9556509298998569, "C4": 1.0, "C6": 0.7050000000000001, "Final": 0.5675386423428184, "Rank": 26}, "football": {"C1": 0.7910122995127002, "C5": 1.0, "C3": 0.25, "C2": 0.2672064777327936, "C4": 0.6429726109244839, "C6": 0.3365, "Final": 0.5643682691026255, "Rank": 27}, "artistic gymnastics": {"C1": 0.3049989981359329, "C5": 0.7127394326953596, "C3": 0.75, "C2": 0.6470697501625337, "C4": 0.9383148783941478, "C6": 0.6587, "Final": 0.558306379958186, "Rank": 28}, "mountain biking": {"C1": 0.16500804732972205, "C5": 0.8447891935484183, "C3": 0.75, "C2": 0.8712011577424024, "C4": 0.9729558793075354, "C6": 0.653, "Final": 0.552180292536311, "Rank": 29}, "rhythmic gymnastics": {"C1": 0.2716387089530754, "C5": 0.75, "C3": 0.75, "C2": 0.6470697501625337, "C4": 0.9383148783941478, "C6": 0.6587, "Final": 0.5482800157678885, "Rank": 30}, "diving": {"C1": 0.1459549156356718, "C5": 0.75, "C3": 0.75, "C2": 0.9556509298998569, "C4": 1.0, "C6": 0.7050000000000001, "Final": 0.5468919784465778, "Rank": 31}, "road cycling": {"C1": 0.08726190781544824, "C5": 0.7127394326953596, "C3": 1.0, "C2": 0.8712011577424024, "C4": 0.9729558793075354, "C6": 0.653, "Final": 0.5465844233859583, "Rank": 32}, "water polo": {"C1": 0.17630499601493865, "C5": 0.6026091626590825, "C3": 0.75, "C2": 0.9556509298998569, "C4": 1.0, "C6": 0.7050000000000001, "Final": 0.5405660385596127, "Rank": 33}, "golf": {"C1": 0.6676590974038612, "C5": 0.8447891935484183, "C3": 0.0, "C2": 0.646067415730337, "C4": 0.868138971180223, "C6": 0.5609999999999999, "Final": 0.5397465670751632, "Rank": 34}, "freestyle bmx": {"C1": 0.14717357070185327, "C5": 0.75, "C3": 0.75, "C2": 0.8712011577424024, "C4": 0.9729558793075354, "C6": 0.653, "Final": 0.5338193286430463, "Rank": 35}, "fencing": {"C1": 0.23260082430646628, "C5": 0.75, "C3": 0.75, "C2": 0.646067415730337, "C4": 0.868138971180223, "C6": 0.5609999999999999, "Final": 0.5258155361541551, "Rank": 36}, "marathon swimming": {"C1": 0.07115547903026348, "C5": 0.6320125519135693, "C3": 0.75, "C2": 0.9556509298998569, "C4": 1.0, "C6": 0.7050000000000001, "Final": 0.507053971410214, "Rank": 37}, "american football": {"C1": 0.5778313296860058, "C5": 1.0, "C3": 0.25, "C2": 0.2672064777327936, "C4": 0.6429726109244839, "C6": 0.3365, "Final": 0.5062259033283099, "Rank": 38}, "bmx racing": {"C1": 0.12508277068175339, "C5": 0.8447891935484183, "C3": 0.5, "C2": 0.8712011577424024, "C4": 0.9729558793075354, "C6": 0.653, "Final": 0.49114626420774793, "Rank": 39}, "handball": {"C1": 0.48324282267661145, "C5": 0.75, "C3": 0.5, "C2": 0.2672064777327936, "C4": 0.6429726109244839, "C6": 0.3365, "Final": 0.48693209285202893, "Rank": 40}, "ultimate frisbee": {"C1": 0.0737665545010367, "C5": 1.0, "C3": 1.0, "C2": 0.2672064777327936, "C4": 0.6429726109244839, "C6": 0.3365, "Final": 0.4818657264010152, "Rank": 41}, "track cycling": {"C1": 0.07864471257537309, "C5": 0.8447891935484183, "C3": 0.5, "C2": 0.8712011577424024, "C4": 0.9729558793075354, "C6": 0.653, "Final": 0.47649633023495247, "Rank": 42}, "flag football": {"C1": 0.10868974916470217, "C5": 0.8222964009221556, "C3": 1.0, "C2": 0.2672064777327936, "C4": 0.6429726109244839, "C6": 0.3365, "Final": 0.47117625895711246, "Rank": 43}, "rugby union": {"C1": 0.43482249378818516, "C5": 0.75, "C3": 0.5, "C2": 0.2672064777327936, "C4": 0.6429726109244839, "C6": 0.3365, "Final": 0.46742440974580074, "Rank": 44},