{"shooting": {"C1": 0.6332770539979051, "C5": 0.8447891935484183, "C3": 0.75, "C2": 0.901111761263897, "C4": 0.9967325820825841, "C6": 0.643, "Final": 0.7549454892269534, "Rank": 1}, "swimming": {"C1": 0.7244466763021566, "C5": 0.75, "C3": 0.5, "C2": 0.9556509298998569, "C4": 1.0, "C6": 0.7050000000000001, "Final": 0.7286071388648417, "Rank": 2}, "cricket": {"C1": 0.7144418011385458, "C5": 0.6026091626590825, "C3": 0.75, "C2": 0.646067415730337, "C4": 0.868138971180223, "C6": 0.5609999999999999, "Final": 0.7093759582315974, "Rank": 3}, "boxing": {"C1": 0.6261166367118534, "C5": 0.5, "C3": 0.75, "C2": 0.6470697501625337, "C4": 0.9383148783941478, "C6": 0.6587, "Final": 0.6519798559398121, "Rank": 4}, "athletics": {"C1": 0.4217640361596936, "C5": 0.75, "C3": 1.0, "C2": 0.901111761263897, "C4": 0.9967325820825841, "C6": 0.643, "Final": 0.6460919501769581, "Rank": 5}, "basketball": {"C1": 0.6973708482767906, "C5": 1.0, "C3": 0.75, "C2": 0.2672064777327936, "C4": 0.6429726109244839, "C6": 0.3365, "Final": 0.6311347206324815, "Rank": 6}, "table tennis": {"C1": 0.5243109678429135, "C5": 0.75, "C3": 0.75, "C2": 0.646067415730337, "C4": 0.868138971180223, "C6": 0.5609999999999999, "Final": 0.6283994971001255, "Rank": 7}, "tennis": {"C1": 0.7506673171030247, "C5": 0.8222964009221556, "C3": 0.25, "C2": 0.646067415730337, "C4": 0.868138971180223, "C6": 0.5609999999999999, "Final": 0.6281674314997427, "Rank": 8}, "equestrian": {"C1": 0.4373559473253531, "C5": 0.75, "C3": 0.75, "C2": 0.901111761263897, "C4": 0.9967325820825841, "C6": 0.643, "Final": 0.6213101109878455, "Rank": 9}, "skateboarding": {"C1": 0.42751803550580025, "C5": 0.75, "C3": 0.75, "C2": 0.901111761263897, "C4": 0.9967325820825841, "C6": 0.643, "Final": 0.6155626823593665, "Rank": 10}, "esports": {"C1": 0.37596646709443793, "C5": 1.0, "C3": 1.0, "C2": 0.6470697501625337, "C4": 0.9383148783941478, "C6": 0.6587, "Final": 0.6100890664364471, "Rank": 11}, "baseball": {"C1": 0.6561356824827521, "C5": 0.8447891935484183, "C3": 0.75, "C2": 0.2672064777327936, "C4": 0.6429726109244839, "C6": 0.3365, "Final": 0.6038061797334361, "Rank": 12}, "volleyball": {"C1": 0.6532749206308057, "C5": 0.8447891935484183, "C3": 0.75, "C2": 0.2672064777327936, "C4": 0.6429726109244839, "C6": 0.3365, "Final": 0.602695524468778, "Rank": 13}, "football": {"C1": 0.8819917934710935, "C5": 1.0, "C3": 0.25, "C2": 0.2672064777327936, "C4": 0.6429726109244839, "C6": 0.3365, "Final": 0.6008294354087472, "Rank": 14}, "badminton": {"C1": 0.4014646086817341, "C5": 0.75, "C3": 1.0, "C2": 0.646067415730337, "C4": 0.868138971180223, "C6": 0.5609999999999999, "Final": 0.5965875429530832, "Rank": 15}, "golf": {"C1": 0.7888638099362698, "C5": 0.8447891935484183, "C3": 0.0, "C2": 0.646067415730337, "C4": 0.868138971180223, "C6": 0.5609999999999999, "Final": 0.5846035845602391, "Rank": 16}, "triathlon": {"C1": 0.345537923105916, "C5": 0.8447891935484183, "C3": 0.75, "C2": 0.901111761263897, "C4": 0.9967325820825841, "C6": 0.643, "Final": 0.5803360096840743, "Rank": 17}, "artistic swimming": {"C1": 0.3062739413062661, "C5": 0.8447891935484183, "C3": 0.75, "C2": 0.9556509298998569, "C4": 1.0, "C6": 0.7050000000000001, "Final": 0.5681851239182178, "Rank": 18}, "archery": {"C1": 0.39983649281259254, "C5": 0.5, "C3": 1.0, "C2": 0.646067415730337, "C4": 0.868138971180223, "C6": 0.5609999999999999, "Final": 0.5650246250470383, "Rank": 19}, "judo": {"C1": 0.3584961607884191, "C5": 0.6320125519135693, "C3": 1.0, "C2": 0.6470697501625337, "C4": 0.9383148783941478, "C6": 0.6587, "Final": 0.5647696570263592, "Rank": 20}, "rowing": {"C1": 0.3174556283107631, "C5": 0.6320125519135693, "C3": 0.75, "C2": 0.9556509298998569, "C4": 1.0, "C6": 0.7050000000000001, "Final": 0.5505298117145695, "Rank": 21}, "weightlifting": {"C1": 0.37397549267528984, "C5": 0.8447891935484183, "C3": 0.5, "C2": 0.901111761263897, "C4": 0.9967325820825841, "C6": 0.643, "Final": 0.5504839117727045, "Rank": 22}, "surfing": {"C1": 0.40227954869672367, "C5": 0.8447891935484183, "C3": 0.75, "C2": 0.5641025641025641, "C4": 0.8280585670705144, "C6": 0.405, "Final": 0.5483046655684907, "Rank": 23}, "american football": {"C1": 0.6829337889897784, "C5": 1.0, "C3": 0.25, "C2": 0.2672064777327936, "C4": 0.6429726109244839, "C6": 0.3365, "Final": 0.5432602748601457, "Rank": 24}, "ice hockey": {"C1": 0.49534508971491586, "C5": 0.75, "C3": 0.75, "C2": 0.2672064777327936, "C4": 0.6429726109244839, "C6": 0.3365, "Final": 0.5245080444062542, "Rank": 25}, "diving": {"C1": 0.22877617298508413, "C5": 0.75, "C3": 0.75, "C2": 0.9556509298998569, "C4": 1.0, "C6": 0.7050000000000001, "Final": 0.5228156378858532, "Rank": 26}, "artistic gymnastics": {"C1": 0.33290150513610356, "C5": 0.7127394326953596, "C3": 0.75, "C2": 0.6470697501625337, "C4": 0.9383148783941478, "C6": 0.6587, "Final": 0.5204950771916774, "Rank": 27}, "sport climbing": {"C1": 0.1905085018760455, "C5": 0.8447891935484183, "C3": 0.75, "C2": 0.901111761263897, "C4": 0.9967325820825841, "C6": 0.643, "Final": 0.5082220606617049, "Rank": 28}, "rugby union": {"C1": 0.5530748552155847, "C5": 0.75, "C3": 0.5, "C2": 0.2672064777327936, "C4": 0.6429726109244839, "C6": 0.3365, "Final": 0.5059598092331236, "Rank": 29}, "water polo": {"C1": 0.22010543085003187, "C5": 0.6026091626590825, "C3": 0.75, "C2": 0.9556509298998569, "C4": 1.0, "C6": 0.7050000000000001, "Final": 0.5031407446737814, "Rank": 30}, "modern pentathlon": {"C1": 0.1374225416184568, "C5": 0.6026091626590825, "C3": 1.0, "C2": 0.901111761263897, "C4": 0.9967325820825841, "C6": 0.643, "Final": 0.5002065945214982, "Rank": 31}, "road cycling": {"C1": 0.09484961515134194, "C5": 0.7127394326953596, "C3": 1.0, "C2": 0.8712011577424024, "C4": 0.9729558793075354, "C6": 0.653, "Final": 0.4928130047484631, "Rank": 32}, "canoe sprint": {"C1": 0.12091165978765131, "C5": 0.8447891935484183, "C3": 0.75, "C2": 0.9556509298998569, "C4": 1.0, "C6": 0.7050000000000001, "Final": 0.4910995167998272, "Rank": 33}, "rhythmic gymnastics": {"C1": 0.2591343290403135, "C5": 0.75, "C3": 0.75, "C2": 0.6470697501625337, "C4": 0.9383148783941478, "C6": 0.6587, "Final": 0.4897298378768658, "Rank": 34}, "mountain biking": {"C1": 0.11830130915383236, "C5": 0.8447891935484183, "C3": 0.75, "C2": 0.8712011577424024, "C4": 0.9729558793075354, "C6": 0.653, "Final": 0.47775134148196274, "Rank": 35}, "fencing": {"C1": 0.23861571297195516, "C5": 0.75, "C3": 0.75, "C2": 0.646067415730337, "C4": 0.868138971180223, "C6": 0.5609999999999999, "Final": 0.4760882581324794, "Rank": 36}, "canoe slalom": {"C1": 0.06651926122407383, "C5": 0.8447891935484183, "C3": 0.75, "C2": 0.9556509298998569, "C4": 1.0, "C6": 0.7050000000000001, "Final": 0.473868177186747, "Rank": 37}, "freestyle bmx": {"C1": 0.09447435952047688, "C5": 0.75, "C3": 0.75, "C2": 0.8712011577424024, "C4": 0.9729558793075354, "C6": 0.653, "Final": 0.45985588910124786, "Rank": 38}, "ultimate frisbee": {"C1": 0.13447120383341796, "C5": 1.0, "C3": 1.0, "C2": 0.2672064777327936, "C4": 0.6429726109244839, "C6": 0.3365, "Final": 0.45652485128151343, "Rank": 39}, "marathon swimming": {"C1": 0.06644151996864908, "C5": 0.6320125519135693, "C3": 0.75, "C2": 0.9556509298998569, "C4": 1.0, "C6": 0.7050000000000001, "Final": 0.45288013187774595, "Rank": 40}, "wrestling": {"C1": 0.4803635310211898, "C5": 0.0, "C3": 0.5, "C2": 0.6470697501625337, "C4": 0.9383148783941478, "C6": 0.6587, "Final": 0.448575038122126, "Rank": 41}, "rugby sevens": {"C1": 0.1810423249254899, "C5": 0.75, "C3": 1.0, "C2": 0.2672064777327936, "C4": 0.6429726109244839, "C6": 0.3365, "Final": 0.4435250285591031, "Rank": 42}, "taekwondo": {"C1": 0.3998856905831657, "C5": 0.25, "C3": 0.5, "C2": 0.6470697501625337, "C4": 0.9383148783941478, "C6": 0.6587, "Final": 0.43669680197664684, "Rank": 43}, "flag football": {"C1": 0.11485788954277677, "C5": 0.8222964009221556, "C3": 1.0, "C2": 0.2672064777327936, "C4": 0.6429726109244839, "C6": 0.3365, "Final": 0.4328767705652626, "Rank": 44},