{"shooting": {"C1": 0.6363971788311917, "C5": 0.8447891935484183, "C3": 0.75, "C2": 0.901111761263897, "C4": 0.9967325820825841, "C6": 0.643, "Final": 0.7062130963990557, "Rank": 1}, "cricket": {"C1": 0.7580135684334337, "C5": 0.6026091626590825, "C3": 0.75, "C2": 0.646067415730337, "C4": 0.868138971180223, "C6": 0.5609999999999999, "Final": 0.7056448287954179, "Rank": 2}, "swimming": {"C1": 0.6795339168402085, "C5": 0.75, "C3": 0.5, "C2": 0.9556509298998569, "C4": 1.0, "C6": 0.7050000000000001, "Final": 0.6783976810742466, "Rank": 3}, "basketball": {"C1": 0.770629180698292, "C5": 1.0, "C3": 0.75, "C2": 0.2672064777327936, "C4": 0.6429726109244839, "C6": 0.3365, "Final": 0.64707059228571, "Rank": 4}, "football": {"C1": 0.9867447132151319, "C5": 1.0, "C3": 0.25, "C2": 0.2672064777327936, "C4": 0.6429726109244839, "C6": 0.3365, "Final": 0.6331125558219093, "Rank": 5}, "boxing": {"C1": 0.6182896805429243, "C5": 0.5, "C3": 0.75, "C2": 0.6470697501625337, "C4": 0.9383148783941478, "C6": 0.6587, "Final": 0.6182301238070523, "Rank": 6}, "baseball": {"C1": 0.699055654998358, "C5": 0.8447891935484183, "C3": 0.75, "C2": 0.2672064777327936, "C4": 0.6429726109244839, "C6": 0.3365, "Final": 0.6084842376732612, "Rank": 7}, "tennis": {"C1": 0.707804801745604, "C5": 0.8222964009221556, "C3": 0.25, "C2": 0.646067415730337, "C4": 0.868138971180223, "C6": 0.5609999999999999, "Final": 0.6018588264061682, "Rank": 8}, "athletics": {"C1": 0.4058628582981103, "C5": 0.75, "C3": 1.0, "C2": 0.901111761263897, "C4": 0.9967325820825841, "C6": 0.643, "Final": 0.5912658409007753, "Rank": 9}, "badminton": {"C1": 0.4655314705926351, "C5": 0.75, "C3": 1.0, "C2": 0.646067415730337, "C4": 0.868138971180223, "C6": 0.5609999999999999, "Final": 0.5902522432440769, "Rank": 10}, "volleyball": {"C1": 0.6521156848239418, "C5": 0.8447891935484183, "C3": 0.75, "C2": 0.2672064777327936, "C4": 0.6429726109244839, "C6": 0.3365, "Final": 0.5880147837362273, "Rank": 11}, "golf": {"C1": 0.7699799061973129, "C5": 0.8447891935484183, "C3": 0.0, "C2": 0.646067415730337, "C4": 0.868138971180223, "C6": 0.5609999999999999, "Final": 0.5792051834966474, "Rank": 12}, "ice hockey": {"C1": 0.6446597157216273, "C5": 0.75, "C3": 0.75, "C2": 0.2672064777327936, "C4": 0.6429726109244839, "C6": 0.3365, "Final": 0.5761357085814611, "Rank": 13}, "equestrian": {"C1": 0.4343954104421097, "C5": 0.75, "C3": 0.75, "C2": 0.901111761263897, "C4": 0.9967325820825841, "C6": 0.643, "Final": 0.5758842507266778, "Rank": 14}, "skateboarding": {"C1": 0.4139978574771763, "C5": 0.75, "C3": 0.75, "C2": 0.901111761263897, "C4": 0.9967325820825841, "C6": 0.643, "Final": 0.5647159509695928, "Rank": 15}, "american football": {"C1": 0.73432340567458, "C5": 1.0, "C3": 0.25, "C2": 0.2672064777327936, "C4": 0.6429726109244839, "C6": 0.3365, "Final": 0.5596792946644698, "Rank": 16}, "surfing": {"C1": 0.47869323648986245, "C5": 0.8447891935484183, "C3": 0.75, "C2": 0.5641025641025641, "C4": 0.8280585670705144, "C6": 0.405, "Final": 0.5553206492388708, "Rank": 17}, "esports": {"C1": 0.33338558767061033, "C5": 1.0, "C3": 1.0, "C2": 0.6470697501625337, "C4": 0.9383148783941478, "C6": 0.6587, "Final": 0.5482701051351245, "Rank": 18}, "table tennis": {"C1": 0.43078467045721813, "C5": 0.75, "C3": 0.75, "C2": 0.646067415730337, "C4": 0.868138971180223, "C6": 0.5609999999999999, "Final": 0.5367396610294861, "Rank": 19}, "triathlon": {"C1": 0.2941523752999919, "C5": 0.8447891935484183, "C3": 0.75, "C2": 0.901111761263897, "C4": 0.9967325820825841, "C6": 0.643, "Final": 0.5138982954022644, "Rank": 20}, "artistic swimming": {"C1": 0.25164997748901774, "C5": 0.8447891935484183, "C3": 0.75, "C2": 0.9556509298998569, "C4": 1.0, "C6": 0.7050000000000001, "Final": 0.5031565672809315, "Rank": 21}, "rowing": {"C1": 0.2898308074837379, "C5": 0.6320125519135693, "C3": 0.75, "C2": 0.9556509298998569, "C4": 1.0, "C6": 0.7050000000000001, "Final": 0.49930644221509146, "Rank": 22}, "judo": {"C1": 0.29508108889660545, "C5": 0.6320125519135693, "C3": 1.0, "C2": 0.6470697501625337, "C4": 0.9383148783941478, "C6": 0.6587, "Final": 0.49785645362887615, "Rank": 23}, "archery": {"C1": 0.313361263243666, "C5": 0.5, "C3": 1.0, "C2": 0.646067415730337, "C4": 0.868138971180223, "C6": 0.5609999999999999, "Final": 0.48921562603593427, "Rank": 24}, "diving": {"C1": 0.23038592629899546, "C5": 0.75, "C3": 0.75, "C2": 0.9556509298998569, "C4": 1.0, "C6": 0.7050000000000001, "Final": 0.4855224314240421, "Rank": 25}, "weightlifting": {"C1": 0.3069924309412161, "C5": 0.8447891935484183, "C3": 0.5, "C2": 0.901111761263897, "C4": 0.9967325820825841, "C6": 0.643, "Final": 0.4830497783404382, "Rank": 26}, "rugby union": {"C1": 0.5248146568790413, "C5": 0.75, "C3": 0.5, "C2": 0.2672064777327936, "C4": 0.6429726109244839, "C6": 0.3365, "Final": 0.4795706632397345, "Rank": 27}, "road cycling": {"C1": 0.13316819937791433, "C5": 0.7127394326953596, "C3": 1.0, "C2": 0.8712011577424024, "C4": 0.9729558793075354, "C6": 0.653, "Final": 0.46892781852640064, "Rank": 28}, "mountain biking": {"C1": 0.17639906052222062, "C5": 0.8447891935484183, "C3": 0.75, "C2": 0.8712011577424024, "C4": 0.9729558793075354, "C6": 0.653, "Final": 0.46188872020244026, "Rank": 29}, "modern pentathlon": {"C1": 0.12470057110920924, "C5": 0.6026091626590825, "C3": 1.0, "C2": 0.901111761263897, "C4": 0.9967325820825841, "C6": 0.643, "Final": 0.4602749514210597, "Rank": 30}, "sport climbing": {"C1": 0.16050806293680417, "C5": 0.8447891935484183, "C3": 0.75, "C2": 0.901111761263897, "C4": 0.9967325820825841, "C6": 0.643, "Final": 0.45991297913771395, "Rank": 31}, "water polo": {"C1": 0.18912675920807126, "C5": 0.6026091626590825, "C3": 0.75, "C2": 0.9556509298998569, "C4": 1.0, "C6": 0.7050000000000001, "Final": 0.45544145281575155, "Rank": 32}, "canoe sprint": {"C1": 0.11138623826884922, "C5": 0.8447891935484183, "C3": 0.75, "C2": 0.9556509298998569, "C4": 1.0, "C6": 0.7050000000000001, "Final": 0.4520669116934999, "Rank": 33}, "artistic gymnastics": {"C1": 0.25933212218737084, "C5": 0.7127394326953596, "C3": 0.75, "C2": 0.6470697501625337, "C4": 0.9383148783941478, "C6": 0.6587, "Final": 0.4509033390912692, "Rank": 34}, "wrestling": {"C1": 0.5022702062490795, "C5": 0.0, "C3": 0.5, "C2": 0.6470697501625337, "C4": 0.9383148783941478, "C6": 0.6587, "Final": 0.4487659844533563, "Rank": 35}, "fencing": {"C1": 0.24050299191695562, "C5": 0.75, "C3": 0.75, "C2": 0.646067415730337, "C4": 0.868138971180223, "C6": 0.5609999999999999, "Final": 0.44309701192930534, "Rank": 36}, "canoe slalom": {"C1": 0.06839544649039976, "C5": 0.8447891935484183, "C3": 0.75, "C2": 0.9556509298998569, "C4": 1.0, "C6": 0.7050000000000001, "Final": 0.43949105664310134, "Rank": 37}, "ultimate frisbee": {"C1": 0.15318355918429324, "C5": 1.0, "C3": 1.0, "C2": 0.2672064777327936, "C4": 0.6429726109244839, "C6": 0.3365, "Final": 0.4340329070549584, "Rank": 38}, "freestyle bmx": {"C1": 0.10762041816731949, "C5": 0.75, "C3": 0.75, "C2": 0.8712011577424024, "C4": 0.9729558793075354, "C6": 0.653, "Final": 0.42928236497504835, "Rank": 39}, "rhythmic gymnastics": {"C1": 0.18177962329021286, "C5": 0.75, "C3": 0.75, "C2": 0.6470697501625337, "C4": 0.9383148783941478, "C6": 0.6587, "Final": 0.424167253127797, "Rank": 40}, "flag football": {"C1": 0.171791293475006, "C5": 0.8222964009221556, "C3": 1.0, "C2": 0.2672064777327936, "C4": 0.6429726109244839, "C6": 0.3365, "Final": 0.42168273832176845, "Rank": 41}, "marathon swimming": {"C1": 0.068315512531759, "C5": 0.6320125519135693, "C3": 0.75, "C2": 0.9556509298998569, "C4": 1.0, "C6": 0.7050000000000001, "Final": 0.4198810421231918, "Rank": 42}, "rugby sevens": {"C1": 0.15256156073190447, "C5": 0.75, "C3": 1.0, "C2": 0.2672064777327936, "C4": 0.6429726109244839, "C6": 0.3365, "Final": 0.40877001948302577, "Rank": 43}, "sailing": {"C1": 0.2385027663115158, "C5": 0.6026091626590825, "C3": 0.75, "C2": 0.5641025641025641, "C4": 0.8280585670705144, "C6": 0.405, "Final": 0.40818147961795326, "Rank": 44},