{"swimming": {"C1": 0.7183042710704906, "C5": 0.75, "C3": 0.5, "C2": 0.9556509298998569, "C4": 1.0, "C6": 0.7050000000000001, "Final": 0.7478676374183408, "Rank": 1}, "shooting": {"C1": 0.5819454678455036, "C5": 0.8447891935484183, "C3": 0.75, "C2": 0.901111761263897, "C4": 0.9967325820825841, "C6": 0.643, "Final": 0.7427088262106654, "Rank": 2}, "cricket": {"C1": 0.6891157277296882, "C5": 0.6026091626590825, "C3": 0.75, "C2": 0.646067415730337, "C4": 0.868138971180223, "C6": 0.5609999999999999, "Final": 0.7218914658773085, "Rank": 3}, "badminton": {"C1": 0.5596409940300181, "C5": 0.75, "C3": 1.0, "C2": 0.646067415730337, "C4": 0.868138971180223, "C6": 0.5609999999999999, "Final": 0.7036800087710359, "Rank": 4}, "boxing": {"C1": 0.6378460178157204, "C5": 0.5, "C3": 0.75, "C2": 0.6470697501625337, "C4": 0.9383148783941478, "C6": 0.6587, "Final": 0.6822058894632211, "Rank": 5}, "athletics": {"C1": 0.4437308671638963, "C5": 0.75, "C3": 1.0, "C2": 0.901111761263897, "C4": 0.9967325820825841, "C6": 0.643, "Final": 0.6693975693849065, "Rank": 6}, "volleyball": {"C1": 0.7635555664154687, "C5": 0.8447891935484183, "C3": 0.75, "C2": 0.2672064777327936, "C4": 0.6429726109244839, "C6": 0.3365, "Final": 0.6622170647915453, "Rank": 7}, "basketball": {"C1": 0.6742210765393523, "C5": 1.0, "C3": 0.75, "C2": 0.2672064777327936, "C4": 0.6429726109244839, "C6": 0.3365, "Final": 0.6435612318467049, "Rank": 8}, "tennis": {"C1": 0.7111496581054391, "C5": 0.8222964009221556, "C3": 0.25, "C2": 0.646067415730337, "C4": 0.868138971180223, "C6": 0.5609999999999999, "Final": 0.6384861883810564, "Rank": 9}, "esports": {"C1": 0.4021392142544714, "C5": 1.0, "C3": 1.0, "C2": 0.6470697501625337, "C4": 0.9383148783941478, "C6": 0.6587, "Final": 0.6315593664956733, "Rank": 10}, "table tennis": {"C1": 0.4910533544370062, "C5": 0.75, "C3": 0.75, "C2": 0.646067415730337, "C4": 0.868138971180223, "C6": 0.5609999999999999, "Final": 0.626095485714301, "Rank": 11}, "equestrian": {"C1": 0.419170413806218, "C5": 0.75, "C3": 0.75, "C2": 0.901111761263897, "C4": 0.9967325820825841, "C6": 0.643, "Final": 0.6214145011396931, "Rank": 12}, "baseball": {"C1": 0.6396903012448272, "C5": 0.8447891935484183, "C3": 0.75, "C2": 0.2672064777327936, "C4": 0.6429726109244839, "C6": 0.3365, "Final": 0.6189922010249729, "Rank": 13}, "football": {"C1": 0.8353054989127461, "C5": 1.0, "C3": 0.25, "C2": 0.2672064777327936, "C4": 0.6429726109244839, "C6": 0.3365, "Final": 0.6123840207738547, "Rank": 14}, "skateboarding": {"C1": 0.39110011211213874, "C5": 0.75, "C3": 0.75, "C2": 0.901111761263897, "C4": 0.9967325820825841, "C6": 0.643, "Final": 0.6035726538142105, "Rank": 15}, "golf": {"C1": 0.7673505083658896, "C5": 0.8447891935484183, "C3": 0.0, "C2": 0.646067415730337, "C4": 0.868138971180223, "C6": 0.5609999999999999, "Final": 0.6022415336226266, "Rank": 16}, "surfing": {"C1": 0.46717102482855133, "C5": 0.8447891935484183, "C3": 0.75, "C2": 0.5641025641025641, "C4": 0.8280585670705144, "C6": 0.405, "Final": 0.5987052514369958, "Rank": 17}, "american football": {"C1": 0.6616245352662521, "C5": 1.0, "C3": 0.25, "C2": 0.2672064777327936, "C4": 0.6429726109244839, "C6": 0.3365, "Final": 0.5593089330415798, "Rank": 18}, "artistic swimming": {"C1": 0.2741519216515426, "C5": 0.8447891935484183, "C3": 0.75, "C2": 0.9556509298998569, "C4": 1.0, "C6": 0.7050000000000001, "Final": 0.5534156763003902, "Rank": 19}, "ice hockey": {"C1": 0.5017767993164282, "C5": 0.75, "C3": 0.75, "C2": 0.2672064777327936, "C4": 0.6429726109244839, "C6": 0.3365, "Final": 0.545642891569653, "Rank": 20}, "triathlon": {"C1": 0.2577269247694878, "C5": 0.8447891935484183, "C3": 0.75, "C2": 0.901111761263897, "C4": 0.9967325820825841, "C6": 0.643, "Final": 0.5369655925729366, "Rank": 21}, "archery": {"C1": 0.33082964326594416, "C5": 0.5, "C3": 1.0, "C2": 0.646067415730337, "C4": 0.868138971180223, "C6": 0.5609999999999999, "Final": 0.5369576021946879, "Rank": 22}, "judo": {"C1": 0.28988229892080053, "C5": 0.6320125519135693, "C3": 1.0, "C2": 0.6470697501625337, "C4": 0.9383148783941478, "C6": 0.6587, "Final": 0.5344016408763163, "Rank": 23}, "diving": {"C1": 0.24857096533666007, "C5": 0.75, "C3": 0.75, "C2": 0.9556509298998569, "C4": 1.0, "C6": 0.7050000000000001, "Final": 0.5309020733697433, "Rank": 24}, "weightlifting": {"C1": 0.3127434221306969, "C5": 0.8447891935484183, "C3": 0.5, "C2": 0.901111761263897, "C4": 0.9967325820825841, "C6": 0.643, "Final": 0.525078807315383, "Rank": 25}, "rowing": {"C1": 0.2404027158616212, "C5": 0.6320125519135693, "C3": 0.75, "C2": 0.9556509298998569, "C4": 1.0, "C6": 0.7050000000000001, "Final": 0.5143885844803575, "Rank": 26}, "sport climbing": {"C1": 0.2075461009911993, "C5": 0.8447891935484183, "C3": 0.75, "C2": 0.901111761263897, "C4": 0.9967325820825841, "C6": 0.643, "Final": 0.5123712940412078, "Rank": 27}, "rugby union": {"C1": 0.5046625067823529, "C5": 0.75, "C3": 0.5, "C2": 0.2672064777327936, "C4": 0.6429726109244839, "C6": 0.3365, "Final": 0.5044840685150486, "Rank": 28}, "artistic gymnastics": {"C1": 0.2905248761224033, "C5": 0.7127394326953596, "C3": 0.75, "C2": 0.6470697501625337, "C4": 0.9383148783941478, "C6": 0.6587, "Final": 0.5034442976319345, "Rank": 29}, "fencing": {"C1": 0.2571561050863072, "C5": 0.75, "C3": 0.75, "C2": 0.646067415730337, "C4": 0.868138971180223, "C6": 0.5609999999999999, "Final": 0.4860499421522458, "Rank": 30}, "modern pentathlon": {"C1": 0.10403221283795092, "C5": 0.6026091626590825, "C3": 1.0, "C2": 0.901111761263897, "C4": 0.9967325820825841, "C6": 0.643, "Final": 0.4818214996617502, "Rank": 31}, "wrestling": {"C1": 0.49948029093353796, "C5": 0.0, "C3": 0.5, "C2": 0.6470697501625337, "C4": 0.9383148783941478, "C6": 0.6587, "Final": 0.48153316670898794, "Rank": 32}, "road cycling": {"C1": 0.06899444669594874, "C5": 0.7127394326953596, "C3": 1.0, "C2": 0.8712011577424024, "C4": 0.9729558793075354, "C6": 0.653, "Final": 0.47619303812784863, "Rank": 33}, "water polo": {"C1": 0.15212083375595895, "C5": 0.6026091626590825, "C3": 0.75, "C2": 0.9556509298998569, "C4": 1.0, "C6": 0.7050000000000001, "Final": 0.47217588433227564, "Rank": 34}, "mountain biking": {"C1": 0.10447653234767515, "C5": 0.8447891935484183, "C3": 0.75, "C2": 0.8712011577424024, "C4": 0.9729558793075354, "C6": 0.653, "Final": 0.465910422941462, "Rank": 35}, "canoe sprint": {"C1": 0.058145523233047024, "C5": 0.8447891935484183, "C3": 0.75, "C2": 0.9556509298998569, "C4": 1.0, "C6": 0.7050000000000001, "Final": 0.46254718179169013, "Rank": 36}, "canoe slalom": {"C1": 0.0580390093860027, "C5": 0.8447891935484183, "C3": 0.75, "C2": 0.9556509298998569, "C4": 1.0, "C6": 0.7050000000000001, "Final": 0.4625134292912881, "Rank": 37}, "handball": {"C1": 0.40886963291255873, "C5": 0.75, "C3": 0.5, "C2": 0.2672064777327936, "C4": 0.6429726109244839, "C6": 0.3365, "Final": 0.4532229054514607, "Rank": 38}, "ultimate frisbee": {"C1": 0.11772040317831187, "C5": 1.0, "C3": 1.0, "C2": 0.2672064777327936, "C4": 0.6429726109244839, "C6": 0.3365, "Final": 0.4471046353198979, "Rank": 39}, "rhythmic gymnastics": {"C1": 0.15738202553647396, "C5": 0.75, "C3": 0.75, "C2": 0.6470697501625337, "C4": 0.9383148783941478, "C6": 0.6587, "Final": 0.44444954795988556, "Rank": 40}, "freestyle bmx": {"C1": 0.06969337006298001, "C5": 0.75, "C3": 0.75, "C2": 0.8712011577424024, "C4": 0.9729558793075354, "C6": 0.653, "Final": 0.44408129856787226, "Rank": 41}, "marathon swimming": {"C1": 0.05797117902573942, "C5": 0.6320125519135693, "C3": 0.75, "C2": 0.9556509298998569, "C4": 1.0, "C6": 0.7050000000000001, "Final": 0.4419900424093304, "Rank": 42}, "taekwondo": {"C1": 0.3422465848281997, "C5": 0.25, "C3": 0.5, "C2": 0.6470697501625337, "C4": 0.9383148783941478, "C6": 0.6587, "Final": 0.4201797291326845, "Rank": 43}, "flag football": {"C1": 0.08645195304573267, "C5": 0.8222964009221556, "C3": 1.0, "C2": 0.2672064777327936, "C4": 0.6429726109244839, "C6": 0.3365, "Final": 0.4199865508171987, "Rank": 44}, "bmx racing": {"C1": 0.06983141473336199,