{"athletics": {"C1": 0.3983384609164403, "C5": 0.75, "C3": 1.0, "C2": 0.901111761263897, "C4": 0.9967325820825841, "C6": 0.643, "Final": 0.780452295994938, "Rank": 1}, "skateboarding": {"C1": 0.5224029823785307, "C5": 0.75, "C3": 0.75, "C2": 0.901111761263897, "C4": 0.9967325820825841, "C6": 0.643, "Final": 0.7700966223438527, "Rank": 2}, "shooting": {"C1": 0.4401100174004146, "C5": 0.8447891935484183, "C3": 0.75, "C2": 0.901111761263897, "C4": 0.9967325820825841, "C6": 0.643, "Final": 0.7623383807286317, "Rank": 3}, "triathlon": {"C1": 0.4253144601496994, "C5": 0.8447891935484183, "C3": 0.75, "C2": 0.901111761263897, "C4": 0.9967325820825841, "C6": 0.643, "Final": 0.7568728901345408, "Rank": 4}, "artistic swimming": {"C1": 0.35620446956949037, "C5": 0.8447891935484183, "C3": 0.75, "C2": 0.9556509298998569, "C4": 1.0, "C6": 0.7050000000000001, "Final": 0.7394655710039784, "Rank": 5}, "equestrian": {"C1": 0.38504483267893025, "C5": 0.75, "C3": 0.75, "C2": 0.901111761263897, "C4": 0.9967325820825841, "C6": 0.643, "Final": 0.7240470215960593, "Rank": 6}, "sport climbing": {"C1": 0.3168110669635835, "C5": 0.8447891935484183, "C3": 0.75, "C2": 0.901111761263897, "C4": 0.9967325820825841, "C6": 0.643, "Final": 0.7161402719159364, "Rank": 7}, "rowing": {"C1": 0.3865047309787586, "C5": 0.6320125519135693, "C3": 0.75, "C2": 0.9556509298998569, "C4": 1.0, "C6": 0.7050000000000001, "Final": 0.706770425374115, "Rank": 8}, "mountain biking": {"C1": 0.2909783425923539, "C5": 0.8447891935484183, "C3": 0.75, "C2": 0.8712011577424024, "C4": 0.9729558793075354, "C6": 0.653, "Final": 0.7019610187136148, "Rank": 9}, "road cycling": {"C1": 0.22172756318347836, "C5": 0.7127394326953596, "C3": 1.0, "C2": 0.8712011577424024, "C4": 0.9729558793075354, "C6": 0.653, "Final": 0.7017840398989807, "Rank": 10}, "table tennis": {"C1": 0.5664657887223555, "C5": 0.75, "C3": 0.75, "C2": 0.646067415730337, "C4": 0.868138971180223, "C6": 0.5609999999999999, "Final": 0.6988185947847577, "Rank": 11}, "badminton": {"C1": 0.35812067287204125, "C5": 0.75, "C3": 1.0, "C2": 0.646067415730337, "C4": 0.868138971180223, "C6": 0.5609999999999999, "Final": 0.6961211260372375, "Rank": 12}, "modern pentathlon": {"C1": 0.24358653764764712, "C5": 0.6026091626590825, "C3": 1.0, "C2": 0.901111761263897, "C4": 0.9967325820825841, "C6": 0.643, "Final": 0.6920700904871568, "Rank": 13}, "judo": {"C1": 0.4034837053743518, "C5": 0.6320125519135693, "C3": 1.0, "C2": 0.6470697501625337, "C4": 0.9383148783941478, "C6": 0.6587, "Final": 0.6920684375575884, "Rank": 14}, "esports": {"C1": 0.21570724623702442, "C5": 1.0, "C3": 1.0, "C2": 0.6470697501625337, "C4": 0.9383148783941478, "C6": 0.6587, "Final": 0.6883132261568383, "Rank": 15}, "canoe sprint": {"C1": 0.19582510024413213, "C5": 0.8447891935484183, "C3": 0.75, "C2": 0.9556509298998569, "C4": 1.0, "C6": 0.7050000000000001, "Final": 0.6812231209625363, "Rank": 16}, "swimming": {"C1": 0.5100909000050264, "C5": 0.75, "C3": 0.5, "C2": 0.9556509298998569, "C4": 1.0, "C6": 0.7050000000000001, "Final": 0.6785940893336424, "Rank": 17}, "canoe slalom": {"C1": 0.17807759333416628, "C5": 0.8447891935484183, "C3": 0.75, "C2": 0.9556509298998569, "C4": 1.0, "C6": 0.7050000000000001, "Final": 0.6751671326185471, "Rank": 18}, "water polo": {"C1": 0.2944761358511921, "C5": 0.6026091626590825, "C3": 0.75, "C2": 0.9556509298998569, "C4": 1.0, "C6": 0.7050000000000001, "Final": 0.6707876465210783, "Rank": 19}, "weightlifting": {"C1": 0.4199277842016395, "C5": 0.8447891935484183, "C3": 0.5, "C2": 0.901111761263897, "C4": 0.9967325820825841, "C6": 0.643, "Final": 0.6630579280390682, "Rank": 20}, "cricket": {"C1": 0.5543766443271401, "C5": 0.6026091626590825, "C3": 0.75, "C2": 0.646067415730337, "C4": 0.868138971180223, "C6": 0.5609999999999999, "Final": 0.6611579821786824, "Rank": 21}, "archery": {"C1": 0.4180784132425829, "C5": 0.5, "C3": 1.0, "C2": 0.646067415730337, "C4": 0.868138971180223, "C6": 0.5609999999999999, "Final": 0.6584628415533504, "Rank": 22}, "freestyle bmx": {"C1": 0.19623398797631184, "C5": 0.75, "C3": 0.75, "C2": 0.8712011577424024, "C4": 0.9729558793075354, "C6": 0.653, "Final": 0.6532311660380296, "Rank": 23}, "artistic gymnastics": {"C1": 0.37363335080575155, "C5": 0.7127394326953596, "C3": 0.75, "C2": 0.6470697501625337, "C4": 0.9383148783941478, "C6": 0.6587, "Final": 0.6475587039012144, "Rank": 24}, "marathon swimming": {"C1": 0.1640206661170303, "C5": 0.6320125519135693, "C3": 0.75, "C2": 0.9556509298998569, "C4": 1.0, "C6": 0.7050000000000001, "Final": 0.6364737463354633, "Rank": 25}, "rhythmic gymnastics": {"C1": 0.3011012296588156, "C5": 0.75, "C3": 0.75, "C2": 0.6470697501625337, "C4": 0.9383148783941478, "C6": 0.6587, "Final": 0.6333772793687539, "Rank": 26}, "diving": {"C1": 0.07892496681285431, "C5": 0.75, "C3": 0.75, "C2": 0.9556509298998569, "C4": 1.0, "C6": 0.7050000000000001, "Final": 0.6305007579117784, "Rank": 27}, "track cycling": {"C1": 0.29159337594670054, "C5": 0.8447891935484183, "C3": 0.5, "C2": 0.8712011577424024, "C4": 0.9729558793075354, "C6": 0.653, "Final": 0.6234741760250533, "Rank": 28}, "boxing": {"C1": 0.4648106348799246, "C5": 0.5, "C3": 0.75, "C2": 0.6470697501625337, "C4": 0.9383148783941478, "C6": 0.6587, "Final": 0.6210556194287964, "Rank": 29}, "surfing": {"C1": 0.3057350722939056, "C5": 0.8447891935484183, "C3": 0.75, "C2": 0.5641025641025641, "C4": 0.8280585670705144, "C6": 0.405, "Final": 0.6079410139865113, "Rank": 30}, "bmx racing": {"C1": 0.2103711548088147, "C5": 0.8447891935484183, "C3": 0.5, "C2": 0.8712011577424024, "C4": 0.9729558793075354, "C6": 0.653, "Final": 0.6014963411794697, "Rank": 31}, "basketball": {"C1": 0.5373553123434401, "C5": 1.0, "C3": 0.75, "C2": 0.2672064777327936, "C4": 0.6429726109244839, "C6": 0.3365, "Final": 0.5793901823753184, "Rank": 32}, "sailing": {"C1": 0.3511691820596905, "C5": 0.6026091626590825, "C3": 0.75, "C2": 0.5641025641025641, "C4": 0.8280585670705144, "C6": 0.405, "Final": 0.5725608628762827, "Rank": 33}, "ultimate frisbee": {"C1": 0.20070568435320996, "C5": 1.0, "C3": 1.0, "C2": 0.2672064777327936, "C4": 0.6429726109244839, "C6": 0.3365, "Final": 0.5686867329663324, "Rank": 34}, "fencing": {"C1": 0.08873590578267826, "C5": 0.75, "C3": 0.75, "C2": 0.646067415730337, "C4": 0.868138971180223, "C6": 0.5609999999999999, "Final": 0.5668573170490084, "Rank": 35}, "flag football": {"C1": 0.2291719852836177, "C5": 0.8222964009221556, "C3": 1.0, "C2": 0.2672064777327936, "C4": 0.6429726109244839, "C6": 0.3365, "Final": 0.5533585772228828, "Rank": 36}, "baseball": {"C1": 0.4695504513625092, "C5": 0.8447891935484183, "C3": 0.75, "C2": 0.2672064777327936, "C4": 0.6429726109244839, "C6": 0.3365, "Final": 0.5480976146734895, "Rank": 37}, "volleyball": {"C1": 0.46294333142345034, "C5": 0.8447891935484183, "C3": 0.75, "C2": 0.2672064777327936, "C4": 0.6429726109244839, "C6": 0.3365, "Final": 0.5469720321978429, "Rank": 38}, "trampolining": {"C1": 0.16252197057984, "C5": 0.5, "C3": 0.75, "C2": 0.6470697501625337, "C4": 0.9383148783941478, "C6": 0.6587, "Final": 0.5435681291708505, "Rank": 39}, "tennis": {"C1": 0.5729979432054483, "C5": 0.8222964009221556, "C3": 0.25, "C2": 0.646067415730337, "C4": 0.868138971180223, "C6": 0.5609999999999999, "Final": 0.5389065239929255, "Rank": 40}, "rugby sevens": {"C1": 0.18921746899074893, "C5": 0.75, "C3": 1.0, "C2": 0.2672064777327936, "C4": 0.6429726109244839, "C6": 0.3365, "Final": 0.537438570373713, "Rank": 41}, "ice hockey": {"C1": 0.4378976016337505, "C5": 0.75, "C3": 0.75, "C2": 0.2672064777327936, "C4": 0.6429726109244839, "C6": 0.3365, "Final": 0.5274936707868344, "Rank": 42}, "breaking": {"C1": 0.33399812042477406, "C5": 0.5, "C3": 0.5, "C2": 0.6470697501625337, "C4": 0.9383148783941478, "C6": 0.6587, "Final": 0.5061719541135176, "Rank": 43}, "football": {"C1": 0.7214396118400989, "C5": 1.0, "C3": 0.25, "C2": 0.2672064777327936, "C4": 0.6429726109244839, "C6": 0.3365, "Final": 0.49628601747149254, "Rank": 44},