{"shooting": {"C1": 0.5764677844812252, "C5": 0.8447891935484183, "C3": 0.75, "C2": 0.901111761263897, "C4": 0.9967325820825841, "C6": 0.643, "Final": 0.6583061896939909, "Rank": 1}, "swimming": {"C1": 0.6452717592567072, "C5": 0.75, "C3": 0.5, "C2": 0.9556509298998569, "C4": 1.0, "C6": 0.7050000000000001, "Final": 0.6546731273213188, "Rank": 2}, "football": {"C1": 1.0, "C5": 1.0, "C3": 0.25, "C2": 0.2672064777327936, "C4": 0.6429726109244839, "C6": 0.3365, "Final": 0.6445676093730586, "Rank": 3}, "basketball": {"C1": 0.7468435450661379, "C5": 1.0, "C3": 0.75, "C2": 0.2672064777327936, "C4": 0.6429726109244839, "C6": 0.3365, "Final": 0.6400024595058511, "Rank": 4}, "cricket": {"C1": 0.6293066930058142, "C5": 0.6026091626590825, "C3": 0.75, "C2": 0.646067415730337, "C4": 0.868138971180223, "C6": 0.5609999999999999, "Final": 0.6299751629215659, "Rank": 5}, "boxing": {"C1": 0.6427290948055382, "C5": 0.5, "C3": 0.75, "C2": 0.6470697501625337, "C4": 0.9383148783941478, "C6": 0.6587, "Final": 0.6284486269354244, "Rank": 6}, "tennis": {"C1": 0.7376816817539296, "C5": 0.8222964009221556, "C3": 0.25, "C2": 0.646067415730337, "C4": 0.868138971180223, "C6": 0.5609999999999999, "Final": 0.6181079065101602, "Rank": 7}, "baseball": {"C1": 0.7008896326312288, "C5": 0.8447891935484183, "C3": 0.75, "C2": 0.2672064777327936, "C4": 0.6429726109244839, "C6": 0.3365, "Final": 0.6104015548563176, "Rank": 8}, "athletics": {"C1": 0.4171211829552622, "C5": 0.75, "C3": 1.0, "C2": 0.901111761263897, "C4": 0.9967325820825841, "C6": 0.643, "Final": 0.5844801050240884, "Rank": 9}, "volleyball": {"C1": 0.6400147349769622, "C5": 0.8447891935484183, "C3": 0.75, "C2": 0.2672064777327936, "C4": 0.6429726109244839, "C6": 0.3365, "Final": 0.5821808572954968, "Rank": 10}, "skateboarding": {"C1": 0.446537816862669, "C5": 0.75, "C3": 0.75, "C2": 0.901111761263897, "C4": 0.9967325820825841, "C6": 0.643, "Final": 0.5714121792489196, "Rank": 11}, "american football": {"C1": 0.6855180924309472, "C5": 1.0, "C3": 0.25, "C2": 0.2672064777327936, "C4": 0.6429726109244839, "C6": 0.3365, "Final": 0.5442328354715191, "Rank": 12}, "golf": {"C1": 0.6686932488517365, "C5": 0.8447891935484183, "C3": 0.0, "C2": 0.646067415730337, "C4": 0.868138971180223, "C6": 0.5609999999999999, "Final": 0.5418170998449517, "Rank": 13}, "surfing": {"C1": 0.43898399936768157, "C5": 0.8447891935484183, "C3": 0.75, "C2": 0.5641025641025641, "C4": 0.8280585670705144, "C6": 0.405, "Final": 0.5253265800883301, "Rank": 14}, "badminton": {"C1": 0.3596194120629346, "C5": 0.75, "C3": 1.0, "C2": 0.646067415730337, "C4": 0.868138971180223, "C6": 0.5609999999999999, "Final": 0.5242174984624165, "Rank": 15}, "esports": {"C1": 0.307337483175013, "C5": 1.0, "C3": 1.0, "C2": 0.6470697501625337, "C4": 0.9383148783941478, "C6": 0.6587, "Final": 0.5237838084373777, "Rank": 16}, "table tennis": {"C1": 0.42401771767262697, "C5": 0.75, "C3": 0.75, "C2": 0.646067415730337, "C4": 0.868138971180223, "C6": 0.5609999999999999, "Final": 0.5235394961108775, "Rank": 17}, "equestrian": {"C1": 0.35139512139409285, "C5": 0.75, "C3": 0.75, "C2": 0.901111761263897, "C4": 0.9967325820825841, "C6": 0.643, "Final": 0.5199242020325352, "Rank": 18}, "rowing": {"C1": 0.34360058193608084, "C5": 0.6320125519135693, "C3": 0.75, "C2": 0.9556509298998569, "C4": 1.0, "C6": 0.7050000000000001, "Final": 0.5125405243382728, "Rank": 19}, "artistic swimming": {"C1": 0.29465833980849504, "C5": 0.8447891935484183, "C3": 0.75, "C2": 0.9556509298998569, "C4": 1.0, "C6": 0.7050000000000001, "Final": 0.5087835078202865, "Rank": 20}, "triathlon": {"C1": 0.29293750466698043, "C5": 0.8447891935484183, "C3": 0.75, "C2": 0.901111761263897, "C4": 0.9967325820825841, "C6": 0.643, "Final": 0.5003950327986252, "Rank": 21}, "archery": {"C1": 0.34267303049563763, "C5": 0.5, "C3": 1.0, "C2": 0.646067415730337, "C4": 0.868138971180223, "C6": 0.5609999999999999, "Final": 0.4921536121579237, "Rank": 22}, "judo": {"C1": 0.29491284769267717, "C5": 0.6320125519135693, "C3": 1.0, "C2": 0.6470697501625337, "C4": 0.9383148783941478, "C6": 0.6587, "Final": 0.48596979270789076, "Rank": 23}, "ice hockey": {"C1": 0.4590163235074402, "C5": 0.75, "C3": 0.75, "C2": 0.2672064777327936, "C4": 0.6429726109244839, "C6": 0.3365, "Final": 0.4833871170346137, "Rank": 24}, "sport climbing": {"C1": 0.24869045565022618, "C5": 0.8447891935484183, "C3": 0.75, "C2": 0.901111761263897, "C4": 0.9967325820825841, "C6": 0.643, "Final": 0.4807324458755522, "Rank": 25}, "diving": {"C1": 0.22726963827497187, "C5": 0.75, "C3": 0.75, "C2": 0.9556509298998569, "C4": 1.0, "C6": 0.7050000000000001, "Final": 0.47109951343540724, "Rank": 26}, "weightlifting": {"C1": 0.30382652305058183, "C5": 0.8447891935484183, "C3": 0.5, "C2": 0.901111761263897, "C4": 0.9967325820825841, "C6": 0.643, "Final": 0.4706212571439035, "Rank": 27}, "artistic gymnastics": {"C1": 0.3083618011477325, "C5": 0.7127394326953596, "C3": 0.75, "C2": 0.6470697501625337, "C4": 0.9383148783941478, "C6": 0.6587, "Final": 0.46233150029300235, "Rank": 28}, "modern pentathlon": {"C1": 0.14011254653534927, "C5": 0.6026091626590825, "C3": 1.0, "C2": 0.901111761263897, "C4": 0.9967325820825841, "C6": 0.643, "Final": 0.4516827871610599, "Rank": 29}, "mountain biking": {"C1": 0.16711095123622557, "C5": 0.8447891935484183, "C3": 0.75, "C2": 0.8712011577424024, "C4": 0.9729558793075354, "C6": 0.653, "Final": 0.44508794520122913, "Rank": 30}, "water polo": {"C1": 0.18272203714732876, "C5": 0.6026091626590825, "C3": 0.75, "C2": 0.9556509298998569, "C4": 1.0, "C6": 0.7050000000000001, "Final": 0.4402822928446941, "Rank": 31}, "wrestling": {"C1": 0.4840899242226513, "C5": 0.0, "C3": 0.5, "C2": 0.6470697501625337, "C4": 0.9383148783941478, "C6": 0.6587, "Final": 0.4389949691976429, "Rank": 32}, "rhythmic gymnastics": {"C1": 0.24260021551628336, "C5": 0.75, "C3": 0.75, "C2": 0.6470697501625337, "C4": 0.9383148783941478, "C6": 0.6587, "Final": 0.4363821344435908, "Rank": 33}, "flag football": {"C1": 0.24065512290907376, "C5": 0.8222964009221556, "C3": 1.0, "C2": 0.2672064777327936, "C4": 0.6429726109244839, "C6": 0.3365, "Final": 0.4341322580067688, "Rank": 34}, "road cycling": {"C1": 0.05807218546042629, "C5": 0.7127394326953596, "C3": 1.0, "C2": 0.8712011577424024, "C4": 0.9729558793075354, "C6": 0.653, "Final": 0.4328167958830685, "Rank": 35}, "canoe sprint": {"C1": 0.07877046100279518, "C5": 0.8447891935484183, "C3": 0.75, "C2": 0.9556509298998569, "C4": 1.0, "C6": 0.7050000000000001, "Final": 0.4287107105156383, "Rank": 36}, "ultimate frisbee": {"C1": 0.16836735848168058, "C5": 1.0, "C3": 1.0, "C2": 0.2672064777327936, "C4": 0.6429726109244839, "C6": 0.3365, "Final": 0.4277644638434408, "Rank": 37}, "canoe slalom": {"C1": 0.061249894846583205, "C5": 0.8447891935484183, "C3": 0.75, "C2": 0.9556509298998569, "C4": 1.0, "C6": 0.7050000000000001, "Final": 0.42387917342637943, "Rank": 38}, "rugby union": {"C1": 0.41366235710315, "C5": 0.75, "C3": 0.5, "C2": 0.2672064777327936, "C4": 0.6429726109244839, "C6": 0.3365, "Final": 0.42059822097819105, "Rank": 39}, "fencing": {"C1": 0.204511308719529, "C5": 0.75, "C3": 0.75, "C2": 0.646067415730337, "C4": 0.868138971180223, "C6": 0.5609999999999999, "Final": 0.4167204748484679, "Rank": 40}, "freestyle bmx": {"C1": 0.07915711285313637, "C5": 0.75, "C3": 0.75, "C2": 0.8712011577424024, "C4": 0.9729558793075354, "C6": 0.653, "Final": 0.40763140935659753, "Rank": 41}, "marathon swimming": {"C1": 0.0611783119150776, "C5": 0.6320125519135693, "C3": 0.75, "C2": 0.9556509298998569, "C4": 1.0, "C6": 0.7050000000000001, "Final": 0.40484296164597366, "Rank": 42}, "handball": {"C1": 0.37322516491753316, "C5": 0.75, "C3": 0.5, "C2": 0.2672064777327936, "C4": 0.6429726109244839, "C6": 0.3365, "Final": 0.399953839079651, "Rank": 43}, "taekwondo": {"C1": 0.3669150363819055, "C5": 0.25, "C3": 0.5, "C2": 0.6470697501625337, "C4": 0.9383148783941478, "C6": 0.6587, "Final": 0.39657417070793516, "Rank": 44}, "track cycling": {"C1": 0.08818512585829874,