{
    "shooting": {
        "C1": 0.6855325492211068,
        "C5": 0.8447891935484183,
        "C3": 0.75,
        "C2": 0.901111761263897,
        "C4": 0.9967325820825841,
        "C6": 0.643,
        "Final": 0.7477350709053937,
        "Rank": 1
    },
    "swimming": {
        "C1": 0.6957607951129448,
        "C5": 0.75,
        "C3": 0.5,
        "C2": 0.9556509298998569,
        "C4": 1.0,
        "C6": 0.7050000000000001,
        "Final": 0.6975514522733706,
        "Rank": 2
    },
    "cricket": {
        "C1": 0.6906282481357677,
        "C5": 0.6026091626590825,
        "C3": 0.75,
        "C2": 0.646067415730337,
        "C4": 0.868138971180223,
        "C6": 0.5609999999999999,
        "Final": 0.6811845807146495,
        "Rank": 3
    },
    "basketball": {
        "C1": 0.8100998566742588,
        "C5": 1.0,
        "C3": 0.75,
        "C2": 0.2672064777327936,
        "C4": 0.6429726109244839,
        "C6": 0.3365,
        "Final": 0.6711266424173131,
        "Rank": 4
    },
    "boxing": {
        "C1": 0.6441947148011817,
        "C5": 0.5,
        "C3": 0.75,
        "C2": 0.6470697501625337,
        "C4": 0.9383148783941478,
        "C6": 0.6587,
        "Final": 0.6438587256694301,
        "Rank": 5
    },
    "football": {
        "C1": 0.965126493491504,
        "C5": 1.0,
        "C3": 0.25,
        "C2": 0.2672064777327936,
        "C4": 0.6429726109244839,
        "C6": 0.3365,
        "Final": 0.6393917488148421,
        "Rank": 6
    },
    "baseball": {
        "C1": 0.726370338756154,
        "C5": 0.8447891935484183,
        "C3": 0.75,
        "C2": 0.2672064777327936,
        "C4": 0.6429726109244839,
        "C6": 0.3365,
        "Final": 0.6308426360212754,
        "Rank": 7
    },
    "volleyball": {
        "C1": 0.6794907741217151,
        "C5": 0.8447891935484183,
        "C3": 0.75,
        "C2": 0.2672064777327936,
        "C4": 0.6429726109244839,
        "C6": 0.3365,
        "Final": 0.6107366594101232,
        "Rank": 8
    },
    "athletics": {
        "C1": 0.42632087800849905,
        "C5": 0.75,
        "C3": 1.0,
        "C2": 0.901111761263897,
        "C4": 0.9967325820825841,
        "C6": 0.643,
        "Final": 0.6049949617322504,
        "Rank": 9
    },
    "tennis": {
        "C1": 0.6809226427047147,
        "C5": 0.8222964009221556,
        "C3": 0.25,
        "C2": 0.646067415730337,
        "C4": 0.868138971180223,
        "C6": 0.5609999999999999,
        "Final": 0.6013045060506812,
        "Rank": 10
    },
    "american football": {
        "C1": 0.8154752941480418,
        "C5": 1.0,
        "C3": 0.25,
        "C2": 0.2672064777327936,
        "C4": 0.6429726109244839,
        "C6": 0.3365,
        "Final": 0.6003673075947462,
        "Rank": 11
    },
    "golf": {
        "C1": 0.7604613752334133,
        "C5": 0.8447891935484183,
        "C3": 0.0,
        "C2": 0.646067415730337,
        "C4": 0.868138971180223,
        "C6": 0.5609999999999999,
        "Final": 0.587959876122712,
        "Rank": 12
    },
    "equestrian": {
        "C1": 0.4446366120506278,
        "C5": 0.75,
        "C3": 0.75,
        "C2": 0.901111761263897,
        "C4": 0.9967325820825841,
        "C6": 0.643,
        "Final": 0.58600941361342,
        "Rank": 13
    },
    "ice hockey": {
        "C1": 0.6196412971010953,
        "C5": 0.75,
        "C3": 0.75,
        "C2": 0.2672064777327936,
        "C4": 0.6429726109244839,
        "C6": 0.3365,
        "Final": 0.5748875789544404,
        "Rank": 14
    },
    "skateboarding": {
        "C1": 0.42482198620101275,
        "C5": 0.75,
        "C3": 0.75,
        "C2": 0.901111761263897,
        "C4": 0.9967325820825841,
        "C6": 0.643,
        "Final": 0.5744926515086518,
        "Rank": 15
    },
    "surfing": {
        "C1": 0.4998760877271078,
        "C5": 0.8447891935484183,
        "C3": 0.75,
        "C2": 0.5641025641025641,
        "C4": 0.8280585670705144,
        "C6": 0.405,
        "Final": 0.5741051830799415,
        "Rank": 16
    },
    "badminton": {
        "C1": 0.40881545638534383,
        "C5": 0.75,
        "C3": 1.0,
        "C2": 0.646067415730337,
        "C4": 0.868138971180223,
        "C6": 0.5609999999999999,
        "Final": 0.5636594937568455,
        "Rank": 17
    },
    "esports": {
        "C1": 0.3459341525560645,
        "C5": 1.0,
        "C3": 1.0,
        "C2": 0.6470697501625337,
        "C4": 0.9383148783941478,
        "C6": 0.6587,
        "Final": 0.5550981601761028,
        "Rank": 18
    },
    "table tennis": {
        "C1": 0.42953046450354204,
        "C5": 0.75,
        "C3": 0.75,
        "C2": 0.646067415730337,
        "C4": 0.868138971180223,
        "C6": 0.5609999999999999,
        "Final": 0.54123603828347,
        "Rank": 19
    },
    "triathlon": {
        "C1": 0.31057486334881224,
        "C5": 0.8447891935484183,
        "C3": 0.75,
        "C2": 0.901111761263897,
        "C4": 0.9967325820825841,
        "C6": 0.643,
        "Final": 0.5220767779247275,
        "Rank": 20
    },
    "rowing": {
        "C1": 0.32042083203226124,
        "C5": 0.6320125519135693,
        "C3": 0.75,
        "C2": 0.9556509298998569,
        "C4": 1.0,
        "C6": 0.7050000000000001,
        "Final": 0.5144357126831506,
        "Rank": 21
    },
    "archery": {
        "C1": 0.35178803783355406,
        "C5": 0.5,
        "C3": 1.0,
        "C2": 0.646067415730337,
        "C4": 0.868138971180223,
        "C6": 0.5609999999999999,
        "Final": 0.5092670064713957,
        "Rank": 22
    },
    "artistic swimming": {
        "C1": 0.2591997509649325,
        "C5": 0.8447891935484183,
        "C3": 0.75,
        "C2": 0.9556509298998569,
        "C4": 1.0,
        "C6": 0.7050000000000001,
        "Final": 0.5055079610718308,
        "Rank": 23
    },
    "weightlifting": {
        "C1": 0.346257300021268,
        "C5": 0.8447891935484183,
        "C3": 0.5,
        "C2": 0.901111761263897,
        "C4": 0.9967325820825841,
        "C6": 0.643,
        "Final": 0.5038224469036148,
        "Rank": 24
    },
    "judo": {
        "C1": 0.28119242164731506,
        "C5": 0.6320125519135693,
        "C3": 1.0,
        "C2": 0.6470697501625337,
        "C4": 0.9383148783941478,
        "C6": 0.6587,
        "Final": 0.4920313913519223,
        "Rank": 25
    },
    "wrestling": {
        "C1": 0.5553630556517376,
        "C5": 0.0,
        "C3": 0.5,
        "C2": 0.6470697501625337,
        "C4": 0.9383148783941478,
        "C6": 0.6587,
        "Final": 0.48820668923216715,
        "Rank": 26
    },
    "diving": {
        "C1": 0.23894278069154512,
        "C5": 0.75,
        "C3": 0.75,
        "C2": 0.9556509298998569,
        "C4": 1.0,
        "C6": 0.7050000000000001,
        "Final": 0.4878750484338319,
        "Rank": 27
    },
    "rugby union": {
        "C1": 0.5080401501057736,
        "C5": 0.75,
        "C3": 0.5,
        "C2": 0.2672064777327936,
        "C4": 0.6429726109244839,
        "C6": 0.3365,
        "Final": 0.480956733154099,
        "Rank": 28
    },
    "water polo": {
        "C1": 0.22475314353575765,
        "C5": 0.6026091626590825,
        "C3": 0.75,
        "C2": 0.9556509298998569,
        "C4": 1.0,
        "C6": 0.7050000000000001,
        "Final": 0.4678427952012671,
        "Rank": 29
    },
    "artistic gymnastics": {
        "C1": 0.2903367028685374,
        "C5": 0.7127394326953596,
        "C3": 0.75,
        "C2": 0.6470697501625337,
        "C4": 0.9383148783941478,
        "C6": 0.6587,
        "Final": 0.4660557702992769,
        "Rank": 30
    },
    "road cycling": {
        "C1": 0.13308670511238901,
        "C5": 0.7127394326953596,