{"cricket": {"C1": 0.7741260744348555, "C5": 0.6026091626590825, "C3": 0.75, "C2": 0.646067415730337, "C4": 0.868138971180223, "C6": 0.5609999999999999, "Final": 0.704352739880386, "Rank": 1}, "shooting": {"C1": 0.5867555786909359, "C5": 0.8447891935484183, "C3": 0.75, "C2": 0.901111761263897, "C4": 0.9967325820825841, "C6": 0.643, "Final": 0.6627062021598646, "Rank": 2}, "swimming": {"C1": 0.6675758043157746, "C5": 0.75, "C3": 0.5, "C2": 0.9556509298998569, "C4": 1.0, "C6": 0.7050000000000001, "Final": 0.6613268264235742, "Rank": 3}, "football": {"C1": 1.0, "C5": 1.0, "C3": 0.25, "C2": 0.2672064777327936, "C4": 0.6429726109244839, "C6": 0.3365, "Final": 0.6315080934550217, "Rank": 4}, "basketball": {"C1": 0.7047118718906216, "C5": 1.0, "C3": 0.75, "C2": 0.2672064777327936, "C4": 0.6429726109244839, "C6": 0.3365, "Final": 0.6134290299037889, "Rank": 5}, "boxing": {"C1": 0.61929435790324, "C5": 0.5, "C3": 0.75, "C2": 0.6470697501625337, "C4": 0.9383148783941478, "C6": 0.6587, "Final": 0.6070395322655955, "Rank": 6}, "tennis": {"C1": 0.6754422289154391, "C5": 0.8222964009221556, "C3": 0.25, "C2": 0.646067415730337, "C4": 0.868138971180223, "C6": 0.5609999999999999, "Final": 0.5763536057635303, "Rank": 7}, "athletics": {"C1": 0.39461084374127287, "C5": 0.75, "C3": 1.0, "C2": 0.901111761263897, "C4": 0.9967325820825841, "C6": 0.643, "Final": 0.5744245253632976, "Rank": 8}, "badminton": {"C1": 0.4379199254343895, "C5": 0.75, "C3": 1.0, "C2": 0.646067415730337, "C4": 0.868138971180223, "C6": 0.5609999999999999, "Final": 0.5641021474117858, "Rank": 9}, "baseball": {"C1": 0.614173904745676, "C5": 0.8447891935484183, "C3": 0.75, "C2": 0.2672064777327936, "C4": 0.6429726109244839, "C6": 0.3365, "Final": 0.5608900863950947, "Rank": 10}, "equestrian": {"C1": 0.4280982311083086, "C5": 0.75, "C3": 0.75, "C2": 0.901111761263897, "C4": 0.9967325820825841, "C6": 0.643, "Final": 0.5605292436320576, "Rank": 11}, "golf": {"C1": 0.7381813901017397, "C5": 0.8447891935484183, "C3": 0.0, "C2": 0.646067415730337, "C4": 0.868138971180223, "C6": 0.5609999999999999, "Final": 0.5587162350306598, "Rank": 12}, "skateboarding": {"C1": 0.38677564997824865, "C5": 0.75, "C3": 0.75, "C2": 0.901111761263897, "C4": 0.9967325820825841, "C6": 0.643, "Final": 0.5386828690622261, "Rank": 13}, "volleyball": {"C1": 0.5673243679962569, "C5": 0.8447891935484183, "C3": 0.75, "C2": 0.2672064777327936, "C4": 0.6429726109244839, "C6": 0.3365, "Final": 0.5386283212796873, "Rank": 14}, "surfing": {"C1": 0.460470705503827, "C5": 0.8447891935484183, "C3": 0.75, "C2": 0.5641025641025641, "C4": 0.8280585670705144, "C6": 0.405, "Final": 0.533444493135779, "Rank": 15}, "esports": {"C1": 0.3055311693117436, "C5": 1.0, "C3": 1.0, "C2": 0.6470697501625337, "C4": 0.9383148783941478, "C6": 0.6587, "Final": 0.5259861656552471, "Rank": 16}, "american football": {"C1": 0.6651223100866046, "C5": 1.0, "C3": 0.25, "C2": 0.2672064777327936, "C4": 0.6429726109244839, "C6": 0.3365, "Final": 0.5229619543837322, "Rank": 17}, "table tennis": {"C1": 0.419324184797746, "C5": 0.75, "C3": 0.75, "C2": 0.646067415730337, "C4": 0.868138971180223, "C6": 0.5609999999999999, "Final": 0.5182579377643552, "Rank": 18}, "ice hockey": {"C1": 0.5178500348383196, "C5": 0.75, "C3": 0.75, "C2": 0.2672064777327936, "C4": 0.6429726109244839, "C6": 0.3365, "Final": 0.5050346964185891, "Rank": 19}, "triathlon": {"C1": 0.2843164809585145, "C5": 0.8447891935484183, "C3": 0.75, "C2": 0.901111761263897, "C4": 0.9967325820825841, "C6": 0.643, "Final": 0.4992849186271228, "Rank": 20}, "rugby union": {"C1": 0.581349048510002, "C5": 0.75, "C3": 0.5, "C2": 0.2672064777327936, "C4": 0.6429726109244839, "C6": 0.3365, "Final": 0.4967336782821613, "Rank": 21}, "rowing": {"C1": 0.28427354494624435, "C5": 0.6320125519135693, "C3": 0.75, "C2": 0.9556509298998569, "C4": 1.0, "C6": 0.7050000000000001, "Final": 0.4867629855432746, "Rank": 22}, "artistic swimming": {"C1": 0.21265899842366587, "C5": 0.8447891935484183, "C3": 0.75, "C2": 0.9556509298998569, "C4": 1.0, "C6": 0.7050000000000001, "Final": 0.4785138170991845, "Rank": 23}, "judo": {"C1": 0.2717788782043295, "C5": 0.6320125519135693, "C3": 1.0, "C2": 0.6470697501625337, "C4": 0.9383148783941478, "C6": 0.6587, "Final": 0.47813489609105114, "Rank": 24}, "diving": {"C1": 0.21188273390142232, "C5": 0.75, "C3": 0.75, "C2": 0.9556509298998569, "C4": 1.0, "C6": 0.7050000000000001, "Final": 0.46928174744281137, "Rank": 25}, "archery": {"C1": 0.2838790944365017, "C5": 0.5, "C3": 1.0, "C2": 0.646067415730337, "C4": 0.868138971180223, "C6": 0.5609999999999999, "Final": 0.4665553948531488, "Rank": 26}, "road cycling": {"C1": 0.1375437877334141, "C5": 0.7127394326953596, "C3": 1.0, "C2": 0.8712011577424024, "C4": 0.9729558793075354, "C6": 0.653, "Final": 0.46280731184435536, "Rank": 27}, "modern pentathlon": {"C1": 0.14999898865252556, "C5": 0.6026091626590825, "C3": 1.0, "C2": 0.901111761263897, "C4": 0.9967325820825841, "C6": 0.643, "Final": 0.4608004644004668, "Rank": 28}, "weightlifting": {"C1": 0.2776570470509951, "C5": 0.8447891935484183, "C3": 0.5, "C2": 0.901111761263897, "C4": 0.9967325820825841, "C6": 0.643, "Final": 0.46007298226142757, "Rank": 29}, "mountain biking": {"C1": 0.1627570739148619, "C5": 0.8447891935484183, "C3": 0.75, "C2": 0.8712011577424024, "C4": 0.9729558793075354, "C6": 0.653, "Final": 0.44886928424873757, "Rank": 30}, "sport climbing": {"C1": 0.13057807751422434, "C5": 0.8447891935484183, "C3": 0.75, "C2": 0.901111761263897, "C4": 0.9967325820825841, "C6": 0.643, "Final": 0.4423051410721633, "Rank": 31}, "canoe slalom": {"C1": 0.09787017930542714, "C5": 0.8447891935484183, "C3": 0.75, "C2": 0.9556509298998569, "C4": 1.0, "C6": 0.7050000000000001, "Final": 0.4411038841913961, "Rank": 32}, "water polo": {"C1": 0.16036415805634296, "C5": 0.6026091626590825, "C3": 0.75, "C2": 0.9556509298998569, "C4": 1.0, "C6": 0.7050000000000001, "Final": 0.4373167208698833, "Rank": 33}, "canoe sprint": {"C1": 0.06746589473121196, "C5": 0.8447891935484183, "C3": 0.75, "C2": 0.9556509298998569, "C4": 1.0, "C6": 0.7050000000000001, "Final": 0.4329512027104994, "Rank": 34}, "artistic gymnastics": {"C1": 0.23192416447776093, "C5": 0.7127394326953596, "C3": 0.75, "C2": 0.6470697501625337, "C4": 0.9383148783941478, "C6": 0.6587, "Final": 0.42966791502379287, "Rank": 35}, "fencing": {"C1": 0.23089879778388955, "C5": 0.75, "C3": 0.75, "C2": 0.646067415730337, "C4": 0.868138971180223, "C6": 0.5609999999999999, "Final": 0.42950841560055236, "Rank": 36}, "wrestling": {"C1": 0.4696213378918209, "C5": 0.0, "C3": 0.5, "C2": 0.6470697501625337, "C4": 0.9383148783941478, "C6": 0.6587, "Final": 0.4189936034587397, "Rank": 37}, "ultimate frisbee": {"C1": 0.11283614968645539, "C5": 1.0, "C3": 1.0, "C2": 0.2672064777327936, "C4": 0.6429726109244839, "C6": 0.3365, "Final": 0.41730861573371425, "Rank": 38}, "freestyle bmx": {"C1": 0.08343831460253724, "C5": 0.75, "C3": 0.75, "C2": 0.8712011577424024, "C4": 0.9729558793075354, "C6": 0.653, "Final": 0.4156472114267615, "Rank": 39}, "marathon swimming": {"C1": 0.06726360421453594, "C5": 0.6320125519135693, "C3": 0.75, "C2": 0.9556509298998569, "C4": 1.0, "C6": 0.7050000000000001, "Final": 0.4135140066634236, "Rank": 40}, "rhythmic gymnastics": {"C1": 0.15083535252976166, "C5": 0.75, "C3": 0.75, "C2": 0.6470697501625337, "C4": 0.9383148783941478, "C6": 0.6587, "Final": 0.4054235551785429, "Rank": 41}, "rugby sevens": {"C1": 0.14630853563076424, "C5": 0.75, "C3": 1.0, "C2": 0.2672064777327936, "C4": 0.6429726109244839, "C6": 0.3365, "Final": 0.4004725095034006, "Rank": 42}, "bmx racing": {"C1": 0.10979382115485653, "C5": 0.8447891935484183, "C3": 0.5, "C2": 0.8712011577424024, "C4": 0.9729558793075354, "C6": 0.653, "Final": 0.3977464048318548, "Rank": 43}, "sailing": {"C1": 0.23271405765723585, "C5": 0.6026091626590825, "C3": 0.75, "C2": 0.5641025641025641, "C4": 0.8280585670705144, "C6": 0.405, "Final": 0.3960885125909446, "Rank": 44}, "flag football": {"C1": 0.09637809491637389,