{"artistic swimming": {"C1": 0.5976527135056281, "C5": 0.8447891935484183, "C3": 0.75, "C2": 0.9556509298998569, "C4": 1.0, "C6": 0.7050000000000001, "Final": 0.8385796788860987, "Rank": 1}, "triathlon": {"C1": 0.6087878946126568, "C5": 0.8447891935484183, "C3": 0.75, "C2": 0.901111761263897, "C4": 0.9967325820825841, "C6": 0.643, "Final": 0.8333944974930085, "Rank": 2}, "canoe sprint": {"C1": 0.5741742342065309, "C5": 0.8447891935484183, "C3": 0.75, "C2": 0.9556509298998569, "C4": 1.0, "C6": 0.7050000000000001, "Final": 0.8317674543129028, "Rank": 3}, "canoe slalom": {"C1": 0.5740911699667636, "C5": 0.8447891935484183, "C3": 0.75, "C2": 0.9556509298998569, "C4": 1.0, "C6": 0.7050000000000001, "Final": 0.8317404625219783, "Rank": 4}, "sport climbing": {"C1": 0.5830221782577217, "C5": 0.8447891935484183, "C3": 0.75, "C2": 0.901111761263897, "C4": 0.9967325820825841, "C6": 0.643, "Final": 0.8266925130953374, "Rank": 5}, "modern pentathlon": {"C1": 0.5755570845855129, "C5": 0.6026091626590825, "C3": 1.0, "C2": 0.901111761263897, "C4": 0.9967325820825841, "C6": 0.643, "Final": 0.8108953370695675, "Rank": 6}, "rowing": {"C1": 0.6047802922142466, "C5": 0.6320125519135693, "C3": 0.75, "C2": 0.9556509298998569, "C4": 1.0, "C6": 0.7050000000000001, "Final": 0.7835377210391495, "Rank": 7}, "marathon swimming": {"C1": 0.5740382728321208, "C5": 0.6320125519135693, "C3": 0.75, "C2": 0.9556509298998569, "C4": 1.0, "C6": 0.7050000000000001, "Final": 0.7763503676397956, "Rank": 8}, "judo": {"C1": 0.6229863830951669, "C5": 0.6320125519135693, "C3": 1.0, "C2": 0.6470697501625337, "C4": 0.9383148783941478, "C6": 0.6587, "Final": 0.7598097382377154, "Rank": 9}, "rhythmic gymnastics": {"C1": 0.5896708073157269, "C5": 0.75, "C3": 0.75, "C2": 0.6470697501625337, "C4": 0.9383148783941478, "C6": 0.6587, "Final": 0.7324154807523539, "Rank": 10}, "artistic gymnastics": {"C1": 0.6051973944836372, "C5": 0.7127394326953596, "C3": 0.75, "C2": 0.6470697501625337, "C4": 0.9383148783941478, "C6": 0.6587, "Final": 0.7280851090706769, "Rank": 11}, "weightlifting": {"C1": 0.6101519798960662, "C5": 0.8447891935484183, "C3": 0.5, "C2": 0.901111761263897, "C4": 0.9967325820825841, "C6": 0.643, "Final": 0.7247247586045925, "Rank": 12}, "archery": {"C1": 0.6238177467787235, "C5": 0.5, "C3": 1.0, "C2": 0.646067415730337, "C4": 0.868138971180223, "C6": 0.5609999999999999, "Final": 0.719255004240657, "Rank": 13}, "shooting": {"C1": 0.33874991718629033, "C5": 0.8447891935484183, "C3": 0.75, "C2": 0.901111761263897, "C4": 0.9967325820825841, "C6": 0.643, "Final": 0.7078935351916033, "Rank": 14}, "athletics": {"C1": 0.24128454271117172, "C5": 0.75, "C3": 1.0, "C2": 0.901111761263897, "C4": 0.9967325820825841, "C6": 0.643, "Final": 0.6863974912784622, "Rank": 15}, "esports": {"C1": 0.1985289959219822, "C5": 1.0, "C3": 1.0, "C2": 0.6470697501625337, "C4": 0.9383148783941478, "C6": 0.6587, "Final": 0.6496052693560999, "Rank": 16}, "badminton": {"C1": 0.26015313198808565, "C5": 0.75, "C3": 1.0, "C2": 0.646067415730337, "C4": 0.868138971180223, "C6": 0.5609999999999999, "Final": 0.6430315202935654, "Rank": 17}, "equestrian": {"C1": 0.23221284963718436, "C5": 0.75, "C3": 0.75, "C2": 0.901111761263897, "C4": 0.9967325820825841, "C6": 0.643, "Final": 0.6393455780801912, "Rank": 18}, "swimming": {"C1": 0.36343514534152666, "C5": 0.75, "C3": 0.5, "C2": 0.9556509298998569, "C4": 1.0, "C6": 0.7050000000000001, "Final": 0.638670512534938, "Rank": 19}, "skateboarding": {"C1": 0.22749847265382184, "C5": 0.75, "C3": 0.75, "C2": 0.901111761263897, "C4": 0.9967325820825841, "C6": 0.643, "Final": 0.6371195621544898, "Rank": 20}, "freestyle bmx": {"C1": 0.2144726576851884, "C5": 0.75, "C3": 0.75, "C2": 0.8712011577424024, "C4": 0.9729558793075354, "C6": 0.653, "Final": 0.6265120510662663, "Rank": 21}, "bmx racing": {"C1": 0.3231194624177104, "C5": 0.8447891935484183, "C3": 0.5, "C2": 0.8712011577424024, "C4": 0.9729558793075354, "C6": 0.653, "Final": 0.6216367473544596, "Rank": 22}, "road cycling": {"C1": 0.10863283616306238, "C5": 0.7127394326953596, "C3": 1.0, "C2": 0.8712011577424024, "C4": 0.9729558793075354, "C6": 0.653, "Final": 0.6180358229499878, "Rank": 23}, "diving": {"C1": 0.14265151223191044, "C5": 0.75, "C3": 0.75, "C2": 0.9556509298998569, "C4": 1.0, "C6": 0.7050000000000001, "Final": 0.6089403335430019, "Rank": 24}, "cricket": {"C1": 0.3462561966982564, "C5": 0.6026091626590825, "C3": 0.75, "C2": 0.646067415730337, "C4": 0.868138971180223, "C6": 0.5609999999999999, "Final": 0.6026732488424099, "Rank": 25}, "mountain biking": {"C1": 0.10824954844711175, "C5": 0.8447891935484183, "C3": 0.75, "C2": 0.8712011577424024, "C4": 0.9729558793075354, "C6": 0.653, "Final": 0.5938227710243477, "Rank": 26}, "table tennis": {"C1": 0.2532061867199574, "C5": 0.75, "C3": 0.75, "C2": 0.646067415730337, "C4": 0.868138971180223, "C6": 0.5609999999999999, "Final": 0.5906135329103341, "Rank": 27}, "tennis": {"C1": 0.6516058815996053, "C5": 0.8222964009221556, "C3": 0.25, "C2": 0.646067415730337, "C4": 0.868138971180223, "C6": 0.5609999999999999, "Final": 0.586390690116756, "Rank": 28}, "boxing": {"C1": 0.34080342605094566, "C5": 0.5, "C3": 0.75, "C2": 0.6470697501625337, "C4": 0.9383148783941478, "C6": 0.6587, "Final": 0.5845771455516358, "Rank": 29}, "water polo": {"C1": 0.13324512188323523, "C5": 0.6026091626590825, "C3": 0.75, "C2": 0.9556509298998569, "C4": 1.0, "C6": 0.7050000000000001, "Final": 0.5836309648240446, "Rank": 30}, "surfing": {"C1": 0.26070763797674146, "C5": 0.8447891935484183, "C3": 0.75, "C2": 0.5641025641025641, "C4": 0.8280585670705144, "C6": 0.405, "Final": 0.5784847473799949, "Rank": 31}, "taekwondo": {"C1": 0.6098609093169611, "C5": 0.25, "C3": 0.5, "C2": 0.6470697501625337, "C4": 0.9383148783941478, "C6": 0.6587, "Final": 0.5502438231749903, "Rank": 32}, "fencing": {"C1": 0.14934658640667425, "C5": 0.75, "C3": 0.75, "C2": 0.646067415730337, "C4": 0.868138971180223, "C6": 0.5609999999999999, "Final": 0.548559083523321, "Rank": 33}, "basketball": {"C1": 0.3346406846117313, "C5": 1.0, "C3": 0.75, "C2": 0.2672064777327936, "C4": 0.6429726109244839, "C6": 0.3365, "Final": 0.5449593488467476, "Rank": 34}, "track cycling": {"C1": 0.10315791659646348, "C5": 0.8447891935484183, "C3": 0.5, "C2": 0.8712011577424024, "C4": 0.9729558793075354, "C6": 0.653, "Final": 0.5374656449376877, "Rank": 35}, "volleyball": {"C1": 0.36466398846830983, "C5": 0.8447891935484183, "C3": 0.75, "C2": 0.2672064777327936, "C4": 0.6429726109244839, "C6": 0.3365, "Final": 0.5324230461602724, "Rank": 36}, "ultimate frisbee": {"C1": 0.10641813466143411, "C5": 1.0, "C3": 1.0, "C2": 0.2672064777327936, "C4": 0.6429726109244839, "C6": 0.3365, "Final": 0.5292886936744619, "Rank": 37}, "baseball": {"C1": 0.32357428019931533, "C5": 0.8447891935484183, "C3": 0.75, "C2": 0.2672064777327936, "C4": 0.6429726109244839, "C6": 0.3365, "Final": 0.5204721222147997, "Rank": 38}, "flag football": {"C1": 0.12224697679752528, "C5": 0.8222964009221556, "C3": 1.0, "C2": 0.2672064777327936, "C4": 0.6429726109244839, "C6": 0.3365, "Final": 0.5132097960405756, "Rank": 39}, "ice hockey": {"C1": 0.3139037277238662, "C5": 0.75, "C3": 0.75, "C2": 0.2672064777327936, "C4": 0.6429726109244839, "C6": 0.3365, "Final": 0.5027273470457996, "Rank": 40}, "rugby sevens": {"C1": 0.09857847178880717, "C5": 0.75, "C3": 1.0, "C2": 0.2672064777327936, "C4": 0.6429726109244839, "C6": 0.3365, "Final": 0.4989964584058246, "Rank": 41}, "golf": {"C1": 0.540672146480089, "C5": 0.8447891935484183, "C3": 0.0, "C2": 0.646067415730337, "C4": 0.868138971180223, "C6": 0.5609999999999999, "Final": 0.4978936939083144, "Rank": 42}, "sailing": {"C1": 0.14997254682188277, "C5": 0.6026091626590825, "C3": 0.75, "C2": 0.5641025641025641, "C4": 0.8280585670705144, "C6": 0.405, "Final": 0.49632952438975464, "Rank": 43}, "trampolining": {"C1": 0.08879239551758915, "C5": 0.5, "C3": 0.75, "C2": 0.6470697501625337, "C4": 0.9383148783941478, "C6": 0.6587, "Final": 0.49161217838546006, "Rank": 44},