{"shooting": {"C1": 0.6090046440382216, "C5": 0.8447891935484183, "C3": 0.75, "C2": 0.901111761263897, "C4": 0.9967325820825841, "C6": 0.643, "Final": 0.730491178517023, "Rank": 1}, "cricket": {"C1": 0.7243300560651517, "C5": 0.6026091626590825, "C3": 0.75, "C2": 0.646067415730337, "C4": 0.868138971180223, "C6": 0.5609999999999999, "Final": 0.7101712922251705, "Rank": 2}, "swimming": {"C1": 0.6895900064759403, "C5": 0.75, "C3": 0.5, "C2": 0.9556509298998569, "C4": 1.0, "C6": 0.7050000000000001, "Final": 0.7089504234109839, "Rank": 3}, "badminton": {"C1": 0.5632123307100769, "C5": 0.75, "C3": 1.0, "C2": 0.646067415730337, "C4": 0.868138971180223, "C6": 0.5609999999999999, "Final": 0.6794971689316063, "Rank": 4}, "boxing": {"C1": 0.609461968728892, "C5": 0.5, "C3": 0.75, "C2": 0.6470697501625337, "C4": 0.9383148783941478, "C6": 0.6587, "Final": 0.6378712581165484, "Rank": 5}, "basketball": {"C1": 0.7067686187286928, "C5": 1.0, "C3": 0.75, "C2": 0.2672064777327936, "C4": 0.6429726109244839, "C6": 0.3365, "Final": 0.63258779712902, "Rank": 6}, "athletics": {"C1": 0.40915300270544663, "C5": 0.75, "C3": 1.0, "C2": 0.901111761263897, "C4": 0.9967325820825841, "C6": 0.643, "Final": 0.6298165906644505, "Rank": 7}, "tennis": {"C1": 0.7079701337129798, "C5": 0.8222964009221556, "C3": 0.25, "C2": 0.646067415730337, "C4": 0.868138971180223, "C6": 0.5609999999999999, "Final": 0.6107527708793622, "Rank": 8}, "esports": {"C1": 0.388390248560163, "C5": 1.0, "C3": 1.0, "C2": 0.6470697501625337, "C4": 0.9383148783941478, "C6": 0.6587, "Final": 0.6080527401890194, "Rank": 9}, "football": {"C1": 0.896694113004482, "C5": 1.0, "C3": 0.25, "C2": 0.2672064777327936, "C4": 0.6429726109244839, "C6": 0.3365, "Final": 0.6055722683030015, "Rank": 10}, "volleyball": {"C1": 0.660925535054494, "C5": 0.8447891935484183, "C3": 0.75, "C2": 0.2672064777327936, "C4": 0.6429726109244839, "C6": 0.3365, "Final": 0.6033584678026994, "Rank": 11}, "baseball": {"C1": 0.6570970939827019, "C5": 0.8447891935484183, "C3": 0.75, "C2": 0.2672064777327936, "C4": 0.6429726109244839, "C6": 0.3365, "Final": 0.6018270903567235, "Rank": 12}, "equestrian": {"C1": 0.40817908341723996, "C5": 0.75, "C3": 0.75, "C2": 0.901111761263897, "C4": 0.9967325820825841, "C6": 0.643, "Final": 0.5957362558629715, "Rank": 13}, "skateboarding": {"C1": 0.40294868627010416, "C5": 0.75, "C3": 0.75, "C2": 0.901111761263897, "C4": 0.9967325820825841, "C6": 0.643, "Final": 0.5927761457179971, "Rank": 14}, "table tennis": {"C1": 0.4676766725820495, "C5": 0.75, "C3": 0.75, "C2": 0.646067415730337, "C4": 0.868138971180223, "C6": 0.5609999999999999, "Final": 0.5875591838579978, "Rank": 15}, "golf": {"C1": 0.7522552461694416, "C5": 0.8447891935484183, "C3": 0.0, "C2": 0.646067415730337, "C4": 0.868138971180223, "C6": 0.5609999999999999, "Final": 0.5732766131919701, "Rank": 16}, "surfing": {"C1": 0.452431571742013, "C5": 0.8447891935484183, "C3": 0.75, "C2": 0.5641025641025641, "C4": 0.8280585670705144, "C6": 0.405, "Final": 0.568211881339216, "Rank": 17}, "american football": {"C1": 0.6919167522836971, "C5": 1.0, "C3": 0.25, "C2": 0.2672064777327936, "C4": 0.6429726109244839, "C6": 0.3365, "Final": 0.5457444249212146, "Rank": 18}, "diving": {"C1": 0.28191445476191224, "C5": 0.75, "C3": 0.75, "C2": 0.9556509298998569, "C4": 1.0, "C6": 0.7050000000000001, "Final": 0.5384012537909181, "Rank": 19}, "ice hockey": {"C1": 0.5202760791055685, "C5": 0.75, "C3": 0.75, "C2": 0.2672064777327936, "C4": 0.6429726109244839, "C6": 0.3365, "Final": 0.5319539991670534, "Rank": 20}, "artistic swimming": {"C1": 0.2463574837263262, "C5": 0.8447891935484183, "C3": 0.75, "C2": 0.9556509298998569, "C4": 1.0, "C6": 0.7050000000000001, "Final": 0.5319210518859053, "Rank": 21}, "triathlon": {"C1": 0.24037447779241045, "C5": 0.8447891935484183, "C3": 0.75, "C2": 0.901111761263897, "C4": 0.9967325820825841, "C6": 0.643, "Final": 0.5210151851998145, "Rank": 22}, "archery": {"C1": 0.31492154451724774, "C5": 0.5, "C3": 1.0, "C2": 0.646067415730337, "C4": 0.868138971180223, "C6": 0.5609999999999999, "Final": 0.51672785653856, "Rank": 23}, "judo": {"C1": 0.2652458787132522, "C5": 0.6320125519135693, "C3": 1.0, "C2": 0.6470697501625337, "C4": 0.9383148783941478, "C6": 0.6587, "Final": 0.5133723132792998, "Rank": 24}, "rowing": {"C1": 0.2343154028360191, "C5": 0.6320125519135693, "C3": 0.75, "C2": 0.9556509298998569, "C4": 1.0, "C6": 0.7050000000000001, "Final": 0.504551658878422, "Rank": 25}, "road cycling": {"C1": 0.14855490840632984, "C5": 0.7127394326953596, "C3": 1.0, "C2": 0.8712011577424024, "C4": 0.9729558793075354, "C6": 0.653, "Final": 0.5033080588055939, "Rank": 26}, "rugby union": {"C1": 0.539745013222626, "C5": 0.75, "C3": 0.5, "C2": 0.2672064777327936, "C4": 0.6429726109244839, "C6": 0.3365, "Final": 0.4967061912234826, "Rank": 27}, "weightlifting": {"C1": 0.2721909172633641, "C5": 0.8447891935484183, "C3": 0.5, "C2": 0.901111761263897, "C4": 0.9967325820825841, "C6": 0.643, "Final": 0.4944355929007828, "Rank": 28}, "sport climbing": {"C1": 0.15432007382643648, "C5": 0.8447891935484183, "C3": 0.75, "C2": 0.901111761263897, "C4": 0.9967325820825841, "C6": 0.643, "Final": 0.48659528334954205, "Rank": 29}, "modern pentathlon": {"C1": 0.10718797202753255, "C5": 0.6026091626590825, "C3": 1.0, "C2": 0.901111761263897, "C4": 0.9967325820825841, "C6": 0.643, "Final": 0.4827875379465101, "Rank": 30}, "artistic gymnastics": {"C1": 0.26253440453695764, "C5": 0.7127394326953596, "C3": 0.75, "C2": 0.6470697501625337, "C4": 0.9383148783941478, "C6": 0.6587, "Final": 0.4789549596319323, "Rank": 31}, "water polo": {"C1": 0.1762947991065017, "C5": 0.6026091626590825, "C3": 0.75, "C2": 0.9556509298998569, "C4": 1.0, "C6": 0.7050000000000001, "Final": 0.4784431315268967, "Rank": 32}, "fencing": {"C1": 0.2593039715389034, "C5": 0.75, "C3": 0.75, "C2": 0.646067415730337, "C4": 0.868138971180223, "C6": 0.5609999999999999, "Final": 0.4777632883355422, "Rank": 33}, "mountain biking": {"C1": 0.12822721898516015, "C5": 0.8447891935484183, "C3": 0.75, "C2": 0.8712011577424024, "C4": 0.9729558793075354, "C6": 0.653, "Final": 0.4735870927342648, "Rank": 34}, "canoe sprint": {"C1": 0.08004404422872664, "C5": 0.8447891935484183, "C3": 0.75, "C2": 0.9556509298998569, "C4": 1.0, "C6": 0.7050000000000001, "Final": 0.47062319394760266, "Rank": 35}, "canoe slalom": {"C1": 0.07991845980070406, "C5": 0.8447891935484183, "C3": 0.75, "C2": 0.9556509298998569, "C4": 1.0, "C6": 0.7050000000000001, "Final": 0.47058559708909414, "Rank": 36}, "wrestling": {"C1": 0.5027045428109639, "C5": 0.0, "C3": 0.5, "C2": 0.6470697501625337, "C4": 0.9383148783941478, "C6": 0.6587, "Final": 0.4568351594514988, "Rank": 37}, "rhythmic gymnastics": {"C1": 0.19750849333970855, "C5": 0.75, "C3": 0.75, "C2": 0.6470697501625337, "C4": 0.9383148783941478, "C6": 0.6587, "Final": 0.456284772901003, "Rank": 38}, "track cycling": {"C1": 0.17692403770465706, "C5": 0.8447891935484183, "C3": 0.5, "C2": 0.8712011577424024, "C4": 0.9729558793075354, "C6": 0.653, "Final": 0.4516916996982482, "Rank": 39}, "freestyle bmx": {"C1": 0.09033638278271072, "C5": 0.75, "C3": 0.75, "C2": 0.8712011577424024, "C4": 0.9729558793075354, "C6": 0.653, "Final": 0.4513685725780892, "Rank": 40}, "ultimate frisbee": {"C1": 0.1254583132154683, "C5": 1.0, "C3": 1.0, "C2": 0.2672064777327936, "C4": 0.6429726109244839, "C6": 0.3365, "Final": 0.4483981175819515, "Rank": 41}, "marathon swimming": {"C1": 0.06835052494829175, "C5": 0.6320125519135693, "C3": 0.75, "C2": 0.9556509298998569, "C4": 1.0, "C6": 0.7050000000000001, "Final": 0.4464800690309634, "Rank": 42}, "handball": {"C1": 0.4234628245622346, "C5": 0.75, "C3": 0.5, "C2": 0.2672064777327936, "C4": 0.6429726109244839, "C6": 0.3365, "Final": 0.4396964667095847, "Rank": 43}, "flag football": {"C1": 0.10319943443435689, "C5": 0.8222964009221556, "C3": 1.0, "C2": 0.2672064777327936, "C4": 0.6429726109244839, "C6": 0.3365, "Final": 0.4243452979552872, "Rank": 44},