{"shooting": {"C1": 0.6216457534786921, "C5": 0.8447891935484183, "C3": 0.75, "C2": 0.901111761263897, "C4": 0.9967325820825841, "C6": 0.643, "Final": 0.7759924365644503, "Rank": 1}, "athletics": {"C1": 0.4738436006381994, "C5": 0.75, "C3": 1.0, "C2": 0.901111761263897, "C4": 0.9967325820825841, "C6": 0.643, "Final": 0.7092558025191619, "Rank": 2}, "swimming": {"C1": 0.6289505758387913, "C5": 0.75, "C3": 0.5, "C2": 0.9556509298998569, "C4": 1.0, "C6": 0.7050000000000001, "Final": 0.7003328518418703, "Rank": 3}, "cricket": {"C1": 0.6624285622826223, "C5": 0.6026091626590825, "C3": 0.75, "C2": 0.646067415730337, "C4": 0.868138971180223, "C6": 0.5609999999999999, "Final": 0.6976508316160822, "Rank": 4}, "boxing": {"C1": 0.6742822586201422, "C5": 0.5, "C3": 0.75, "C2": 0.6470697501625337, "C4": 0.9383148783941478, "C6": 0.6587, "Final": 0.6871525362083271, "Rank": 5}, "equestrian": {"C1": 0.44914925246667, "C5": 0.75, "C3": 0.75, "C2": 0.901111761263897, "C4": 0.9967325820825841, "C6": 0.643, "Final": 0.6585160801857257, "Rank": 6}, "badminton": {"C1": 0.4625951985577451, "C5": 0.75, "C3": 1.0, "C2": 0.646067415730337, "C4": 0.868138971180223, "C6": 0.5609999999999999, "Final": 0.6571681270036207, "Rank": 7}, "table tennis": {"C1": 0.5233438031546411, "C5": 0.75, "C3": 0.75, "C2": 0.646067415730337, "C4": 0.868138971180223, "C6": 0.5609999999999999, "Final": 0.651478297736854, "Rank": 8}, "skateboarding": {"C1": 0.4207204490564831, "C5": 0.75, "C3": 0.75, "C2": 0.901111761263897, "C4": 0.9967325820825841, "C6": 0.643, "Final": 0.6419456967169456, "Rank": 9}, "esports": {"C1": 0.36981872613826305, "C5": 1.0, "C3": 1.0, "C2": 0.6470697501625337, "C4": 0.9383148783941478, "C6": 0.6587, "Final": 0.6363904597900311, "Rank": 10}, "tennis": {"C1": 0.7290681404769024, "C5": 0.8222964009221556, "C3": 0.25, "C2": 0.646067415730337, "C4": 0.868138971180223, "C6": 0.5609999999999999, "Final": 0.6212655814164656, "Rank": 11}, "volleyball": {"C1": 0.6943104150850294, "C5": 0.8447891935484183, "C3": 0.75, "C2": 0.2672064777327936, "C4": 0.6429726109244839, "C6": 0.3365, "Final": 0.6212626440431172, "Rank": 12}, "basketball": {"C1": 0.6450853023430912, "C5": 1.0, "C3": 0.75, "C2": 0.2672064777327936, "C4": 0.6429726109244839, "C6": 0.3365, "Final": 0.6187262583638342, "Rank": 13}, "surfing": {"C1": 0.4896611702599963, "C5": 0.8447891935484183, "C3": 0.75, "C2": 0.5641025641025641, "C4": 0.8280585670705144, "C6": 0.405, "Final": 0.6173953215433715, "Rank": 14}, "judo": {"C1": 0.40551482161416674, "C5": 0.6320125519135693, "C3": 1.0, "C2": 0.6470697501625337, "C4": 0.9383148783941478, "C6": 0.6587, "Final": 0.6156682044481372, "Rank": 15}, "triathlon": {"C1": 0.31996800879968323, "C5": 0.8447891935484183, "C3": 0.75, "C2": 0.901111761263897, "C4": 0.9967325820825841, "C6": 0.643, "Final": 0.5977125201739417, "Rank": 16}, "ice hockey": {"C1": 0.648894490942729, "C5": 0.75, "C3": 0.75, "C2": 0.2672064777327936, "C4": 0.6429726109244839, "C6": 0.3365, "Final": 0.5966866710629578, "Rank": 17}, "baseball": {"C1": 0.6067079625330576, "C5": 0.8447891935484183, "C3": 0.75, "C2": 0.2672064777327936, "C4": 0.6429726109244839, "C6": 0.3365, "Final": 0.5917665547254947, "Rank": 18}, "artistic swimming": {"C1": 0.27710390460471584, "C5": 0.8447891935484183, "C3": 0.75, "C2": 0.9556509298998569, "C4": 1.0, "C6": 0.7050000000000001, "Final": 0.5843679500193016, "Rank": 19}, "football": {"C1": 0.8326512260918537, "C5": 1.0, "C3": 0.25, "C2": 0.2672064777327936, "C4": 0.6429726109244839, "C6": 0.3365, "Final": 0.5834157648088668, "Rank": 20}, "rowing": {"C1": 0.2931579119723997, "C5": 0.6320125519135693, "C3": 0.75, "C2": 0.9556509298998569, "C4": 1.0, "C6": 0.7050000000000001, "Final": 0.5673493716098584, "Rank": 21}, "rhythmic gymnastics": {"C1": 0.3552794121903609, "C5": 0.75, "C3": 0.75, "C2": 0.6470697501625337, "C4": 0.9383148783941478, "C6": 0.6587, "Final": 0.5638944408036768, "Rank": 22}, "weightlifting": {"C1": 0.33678123427521206, "C5": 0.8447891935484183, "C3": 0.5, "C2": 0.901111761263897, "C4": 0.9967325820825841, "C6": 0.643, "Final": 0.5577157530001127, "Rank": 23}, "modern pentathlon": {"C1": 0.20246006138480338, "C5": 0.6026091626590825, "C3": 1.0, "C2": 0.901111761263897, "C4": 0.9967325820825841, "C6": 0.643, "Final": 0.5526580448802939, "Rank": 24}, "golf": {"C1": 0.6893526823293056, "C5": 0.8447891935484183, "C3": 0.0, "C2": 0.646067415730337, "C4": 0.868138971180223, "C6": 0.5609999999999999, "Final": 0.5517356778710537, "Rank": 25}, "artistic gymnastics": {"C1": 0.32938348357250746, "C5": 0.7127394326953596, "C3": 0.75, "C2": 0.6470697501625337, "C4": 0.9383148783941478, "C6": 0.6587, "Final": 0.5453747146860858, "Rank": 26}, "diving": {"C1": 0.21344048659670328, "C5": 0.75, "C3": 0.75, "C2": 0.9556509298998569, "C4": 1.0, "C6": 0.7050000000000001, "Final": 0.545152542088355, "Rank": 27}, "archery": {"C1": 0.30529498547516165, "C5": 0.5, "C3": 1.0, "C2": 0.646067415730337, "C4": 0.868138971180223, "C6": 0.5609999999999999, "Final": 0.5447848318884614, "Rank": 28}, "road cycling": {"C1": 0.1430692002753001, "C5": 0.7127394326953596, "C3": 1.0, "C2": 0.8712011577424024, "C4": 0.9729558793075354, "C6": 0.653, "Final": 0.5373843169840498, "Rank": 29}, "water polo": {"C1": 0.23464302252516378, "C5": 0.6026091626590825, "C3": 0.75, "C2": 0.9556509298998569, "C4": 1.0, "C6": 0.7050000000000001, "Final": 0.5369441387259198, "Rank": 30}, "american football": {"C1": 0.6304179504966679, "C5": 1.0, "C3": 0.25, "C2": 0.2672064777327936, "C4": 0.6429726109244839, "C6": 0.3365, "Final": 0.5260310716082491, "Rank": 31}, "fencing": {"C1": 0.26840453212441506, "C5": 0.75, "C3": 0.75, "C2": 0.646067415730337, "C4": 0.868138971180223, "C6": 0.5609999999999999, "Final": 0.5160034548978116, "Rank": 32}, "sport climbing": {"C1": 0.13303594051350545, "C5": 0.8447891935484183, "C3": 0.75, "C2": 0.901111761263897, "C4": 0.9967325820825841, "C6": 0.643, "Final": 0.5145482207752744, "Rank": 33}, "canoe slalom": {"C1": 0.10492445184606966, "C5": 0.8447891935484183, "C3": 0.75, "C2": 0.9556509298998569, "C4": 1.0, "C6": 0.7050000000000001, "Final": 0.5132047928901987, "Rank": 34}, "mountain biking": {"C1": 0.12006644626868027, "C5": 0.8447891935484183, "C3": 0.75, "C2": 0.8712011577424024, "C4": 0.9729558793075354, "C6": 0.653, "Final": 0.505890798504764, "Rank": 35}, "canoe sprint": {"C1": 0.06770436654502321, "C5": 0.8447891935484183, "C3": 0.75, "C2": 0.9556509298998569, "C4": 1.0, "C6": 0.7050000000000001, "Final": 0.5009111255129182, "Rank": 36}, "wrestling": {"C1": 0.5537723592270392, "C5": 0.0, "C3": 0.5, "C2": 0.6470697501625337, "C4": 0.9383148783941478, "C6": 0.6587, "Final": 0.4910752415771816, "Rank": 37}, "rugby union": {"C1": 0.48695213875648297, "C5": 0.75, "C3": 0.5, "C2": 0.2672064777327936, "C4": 0.6429726109244839, "C6": 0.3365, "Final": 0.48420922197674976, "Rank": 38}, "marathon swimming": {"C1": 0.06750136099171095, "C5": 0.6320125519135693, "C3": 0.75, "C2": 0.9556509298998569, "C4": 1.0, "C6": 0.7050000000000001, "Final": 0.4787410385721777, "Rank": 39}, "handball": {"C1": 0.46659869998227144, "C5": 0.75, "C3": 0.5, "C2": 0.2672064777327936, "C4": 0.6429726109244839, "C6": 0.3365, "Final": 0.4751036206592667, "Rank": 40}, "freestyle bmx": {"C1": 0.05795818618631831, "C5": 0.75, "C3": 0.75, "C2": 0.8712011577424024, "C4": 0.9729558793075354, "C6": 0.653, "Final": 0.4749105046403716, "Rank": 41}, "track cycling": {"C1": 0.14908400266775046, "C5": 0.8447891935484183, "C3": 0.5, "C2": 0.8712011577424024, "C4": 0.9729558793075354, "C6": 0.653, "Final": 0.47391049049950257, "Rank": 42}, "ultimate frisbee": {"C1": 0.10081412872594056, "C5": 1.0, "C3": 1.0, "C2": 0.2672064777327936, "C4": 0.6429726109244839, "C6": 0.3365, "Final": 0.46807687632390543, "Rank": 43}, "bmx racing": {"C1": 0.07463673646207095, "C5": 0.8447891935484183, "C3": 0.5, "C2": 0.8712011577424024, "C4": 0.9729558793075354, "C6": 0.653, "Final": 0.4501335894468858, "Rank": 44},