{"athletics": {"C1": 0.4425273242364606, "C5": 0.75, "C3": 1.0, "C2": 0.901111761263897, "C4": 0.9967325820825841, "C6": 0.643, "Final": 0.8436429089517389, "Rank": 1}, "artistic swimming": {"C1": 0.5631688299711121, "C5": 0.8447891935484183, "C3": 0.75, "C2": 0.9556509298998569, "C4": 1.0, "C6": 0.7050000000000001, "Final": 0.8322838269723101, "Rank": 2}, "sport climbing": {"C1": 0.600720550068522, "C5": 0.8447891935484183, "C3": 0.75, "C2": 0.901111761263897, "C4": 0.9967325820825841, "C6": 0.643, "Final": 0.8258551079410671, "Rank": 3}, "triathlon": {"C1": 0.5741178266845007, "C5": 0.8447891935484183, "C3": 0.75, "C2": 0.901111761263897, "C4": 0.9967325820825841, "C6": 0.643, "Final": 0.8242838442484042, "Rank": 4}, "canoe slalom": {"C1": 0.45959937519521005, "C5": 0.8447891935484183, "C3": 0.75, "C2": 0.9556509298998569, "C4": 1.0, "C6": 0.7050000000000001, "Final": 0.8148421365904369, "Rank": 5}, "modern pentathlon": {"C1": 0.5414426482322369, "C5": 0.6026091626590825, "C3": 1.0, "C2": 0.901111761263897, "C4": 0.9967325820825841, "C6": 0.643, "Final": 0.8062907204530426, "Rank": 6}, "road cycling": {"C1": 0.31209360384516316, "C5": 0.7127394326953596, "C3": 1.0, "C2": 0.8712011577424024, "C4": 0.9729558793075354, "C6": 0.653, "Final": 0.7851889011166828, "Rank": 7}, "canoe sprint": {"C1": 0.34189444138202846, "C5": 0.8447891935484183, "C3": 0.75, "C2": 0.9556509298998569, "C4": 1.0, "C6": 0.7050000000000001, "Final": 0.781690022354102, "Rank": 8}, "equestrian": {"C1": 0.43360731326427604, "C5": 0.75, "C3": 0.75, "C2": 0.901111761263897, "C4": 0.9967325820825841, "C6": 0.643, "Final": 0.7764669627245581, "Rank": 9}, "skateboarding": {"C1": 0.4289717624276642, "C5": 0.75, "C3": 0.75, "C2": 0.901111761263897, "C4": 0.9967325820825841, "C6": 0.643, "Final": 0.775372441083692, "Rank": 10}, "rowing": {"C1": 0.5701772328973853, "C5": 0.6320125519135693, "C3": 0.75, "C2": 0.9556509298998569, "C4": 1.0, "C6": 0.7050000000000001, "Final": 0.770610405639872, "Rank": 11}, "mountain biking": {"C1": 0.3117167248432063, "C5": 0.8447891935484183, "C3": 0.75, "C2": 0.8712011577424024, "C4": 0.9729558793075354, "C6": 0.653, "Final": 0.7580302352763446, "Rank": 12}, "judo": {"C1": 0.5880789111281081, "C5": 0.6320125519135693, "C3": 1.0, "C2": 0.6470697501625337, "C4": 0.9383148783941478, "C6": 0.6587, "Final": 0.7433846129393965, "Rank": 13}, "shooting": {"C1": 0.2457781384004496, "C5": 0.8447891935484183, "C3": 0.75, "C2": 0.901111761263897, "C4": 0.9967325820825841, "C6": 0.643, "Final": 0.7413003374689797, "Rank": 14}, "marathon swimming": {"C1": 0.34176075333265993, "C5": 0.6320125519135693, "C3": 0.75, "C2": 0.9556509298998569, "C4": 1.0, "C6": 0.7050000000000001, "Final": 0.7300527869179897, "Rank": 15}, "freestyle bmx": {"C1": 0.2713767888779238, "C5": 0.75, "C3": 0.75, "C2": 0.8712011577424024, "C4": 0.9729558793075354, "C6": 0.653, "Final": 0.7257180275001317, "Rank": 16}, "water polo": {"C1": 0.33629436294094955, "C5": 0.6026091626590825, "C3": 0.75, "C2": 0.9556509298998569, "C4": 1.0, "C6": 0.7050000000000001, "Final": 0.7203182812409342, "Rank": 17}, "badminton": {"C1": 0.3098172067053611, "C5": 0.75, "C3": 1.0, "C2": 0.646067415730337, "C4": 0.868138971180223, "C6": 0.5609999999999999, "Final": 0.718630293384746, "Rank": 18}, "rhythmic gymnastics": {"C1": 0.5553203842386363, "C5": 0.75, "C3": 0.75, "C2": 0.6470697501625337, "C4": 0.9383148783941478, "C6": 0.6587, "Final": 0.715297343797306, "Rank": 19}, "artistic gymnastics": {"C1": 0.570587361060799, "C5": 0.7127394326953596, "C3": 0.75, "C2": 0.6470697501625337, "C4": 0.9383148783941478, "C6": 0.6587, "Final": 0.7080369105222083, "Rank": 20}, "weightlifting": {"C1": 0.5754591039516844, "C5": 0.8447891935484183, "C3": 0.5, "C2": 0.901111761263897, "C4": 0.9967325820825841, "C6": 0.643, "Final": 0.7057208011911069, "Rank": 21}, "esports": {"C1": 0.10790176339455577, "C5": 1.0, "C3": 1.0, "C2": 0.6470697501625337, "C4": 0.9383148783941478, "C6": 0.6587, "Final": 0.7030715744695216, "Rank": 22}, "archery": {"C1": 0.5826068364685454, "C5": 0.5, "C3": 1.0, "C2": 0.646067415730337, "C4": 0.868138971180223, "C6": 0.5609999999999999, "Final": 0.6988973024609826, "Rank": 23}, "table tennis": {"C1": 0.45424963389768297, "C5": 0.75, "C3": 0.75, "C2": 0.646067415730337, "C4": 0.868138971180223, "C6": 0.5609999999999999, "Final": 0.6927904666957021, "Rank": 24}, "diving": {"C1": 0.05295857213484274, "C5": 0.75, "C3": 0.75, "C2": 0.9556509298998569, "C4": 1.0, "C6": 0.7050000000000001, "Final": 0.6730084699715827, "Rank": 25}, "track cycling": {"C1": 0.306710226981816, "C5": 0.8447891935484183, "C3": 0.5, "C2": 0.8712011577424024, "C4": 0.9729558793075354, "C6": 0.653, "Final": 0.6583933151882185, "Rank": 26}, "bmx racing": {"C1": 0.29501771891741047, "C5": 0.8447891935484183, "C3": 0.5, "C2": 0.8712011577424024, "C4": 0.9729558793075354, "C6": 0.653, "Final": 0.6558910355364985, "Rank": 27}, "swimming": {"C1": 0.27005062030649835, "C5": 0.75, "C3": 0.5, "C2": 0.9556509298998569, "C4": 1.0, "C6": 0.7050000000000001, "Final": 0.6501935520970175, "Rank": 28}, "surfing": {"C1": 0.32956355281713307, "C5": 0.8447891935484183, "C3": 0.75, "C2": 0.5641025641025641, "C4": 0.8280585670705144, "C6": 0.405, "Final": 0.6412408259938776, "Rank": 29}, "cricket": {"C1": 0.3404666635593929, "C5": 0.6026091626590825, "C3": 0.75, "C2": 0.646067415730337, "C4": 0.868138971180223, "C6": 0.5609999999999999, "Final": 0.634099620356736, "Rank": 30}, "fencing": {"C1": 0.0830767788296129, "C5": 0.75, "C3": 0.75, "C2": 0.646067415730337, "C4": 0.868138971180223, "C6": 0.5609999999999999, "Final": 0.6070053614296756, "Rank": 31}, "trampolining": {"C1": 0.2925849027893404, "C5": 0.5, "C3": 0.75, "C2": 0.6470697501625337, "C4": 0.9383148783941478, "C6": 0.6587, "Final": 0.6046971615049108, "Rank": 32}, "ultimate frisbee": {"C1": 0.30991593298113396, "C5": 1.0, "C3": 1.0, "C2": 0.2672064777327936, "C4": 0.6429726109244839, "C6": 0.3365, "Final": 0.6026612832914314, "Rank": 33}, "boxing": {"C1": 0.2477973118286961, "C5": 0.5, "C3": 0.75, "C2": 0.6470697501625337, "C4": 0.9383148783941478, "C6": 0.6587, "Final": 0.5953313115402821, "Rank": 34}, "sailing": {"C1": 0.3527420990771046, "C5": 0.6026091626590825, "C3": 0.75, "C2": 0.5641025641025641, "C4": 0.8280585670705144, "C6": 0.405, "Final": 0.5948853175491137, "Rank": 35}, "flag football": {"C1": 0.3254801109553398, "C5": 0.8222964009221556, "C3": 1.0, "C2": 0.2672064777327936, "C4": 0.6429726109244839, "C6": 0.3365, "Final": 0.5846620336407429, "Rank": 36}, "rugby sevens": {"C1": 0.30220735220445616, "C5": 0.75, "C3": 1.0, "C2": 0.2672064777327936, "C4": 0.6429726109244839, "C6": 0.3365, "Final": 0.5721077235063063, "Rank": 37}, "basketball": {"C1": 0.32904536718017086, "C5": 1.0, "C3": 0.75, "C2": 0.2672064777327936, "C4": 0.6429726109244839, "C6": 0.3365, "Final": 0.5605206373636333, "Rank": 38}, "baseball": {"C1": 0.2900571784527866, "C5": 0.8447891935484183, "C3": 0.75, "C2": 0.2672064777327936, "C4": 0.6429726109244839, "C6": 0.3365, "Final": 0.5327851855304625, "Rank": 39}, "volleyball": {"C1": 0.27125891671650704, "C5": 0.8447891935484183, "C3": 0.75, "C2": 0.2672064777327936, "C4": 0.6429726109244839, "C6": 0.3365, "Final": 0.5302537814310216, "Rank": 40}, "breaking": {"C1": 0.33693210766417747, "C5": 0.5, "C3": 0.5, "C2": 0.6470697501625337, "C4": 0.9383148783941478, "C6": 0.6587, "Final": 0.5258976363124268, "Rank": 41}, "ice hockey": {"C1": 0.22134738652048275, "C5": 0.75, "C3": 0.75, "C2": 0.2672064777327936, "C4": 0.6429726109244839, "C6": 0.3365, "Final": 0.5071991398087733, "Rank": 42}, "taekwondo": {"C1": 0.5751729001815478, "C5": 0.25, "C3": 0.5, "C2": 0.6470697501625337, "C4": 0.9383148783941478, "C6": 0.6587, "Final": 0.5061312997172709, "Rank": 43}, "beach volleyball": {"C1": 0.3447933795700695, "C5": 0.6320125519135693, "C3": 0.75, "C2": 0.2672064777327936, "C4": 0.6429726109244839, "C6": 0.3365, "Final": 0.5024623996916576, "Rank": 44},