{"cricket": {"C1": 0.7107411442117242, "C5": 0.6026091626590825, "C3": 0.75, "C2": 0.646067415730337, "C4": 0.868138971180223, "C6": 0.5609999999999999, "Final": 0.6764539020365089, "Rank": 1}, "shooting": {"C1": 0.5657550295367051, "C5": 0.8447891935484183, "C3": 0.75, "C2": 0.901111761263897, "C4": 0.9967325820825841, "C6": 0.643, "Final": 0.658589308085973, "Rank": 2}, "swimming": {"C1": 0.6261015139101636, "C5": 0.75, "C3": 0.5, "C2": 0.9556509298998569, "C4": 1.0, "C6": 0.7050000000000001, "Final": 0.6457080731764278, "Rank": 3}, "basketball": {"C1": 0.7487552769909112, "C5": 1.0, "C3": 0.75, "C2": 0.2672064777327936, "C4": 0.6429726109244839, "C6": 0.3365, "Final": 0.6358135483896264, "Rank": 4}, "football": {"C1": 1.0, "C5": 1.0, "C3": 0.25, "C2": 0.2672064777327936, "C4": 0.6429726109244839, "C6": 0.3365, "Final": 0.633348786918087, "Rank": 5}, "boxing": {"C1": 0.5885426963516112, "C5": 0.5, "C3": 0.75, "C2": 0.6470697501625337, "C4": 0.9383148783941478, "C6": 0.6587, "Final": 0.5978657122059986, "Rank": 6}, "athletics": {"C1": 0.4184485756473497, "C5": 0.75, "C3": 1.0, "C2": 0.901111761263897, "C4": 0.9967325820825841, "C6": 0.643, "Final": 0.5962622598695276, "Rank": 7}, "tennis": {"C1": 0.6903805723988142, "C5": 0.8222964009221556, "C3": 0.25, "C2": 0.646067415730337, "C4": 0.868138971180223, "C6": 0.5609999999999999, "Final": 0.590220925763744, "Rank": 8}, "badminton": {"C1": 0.4360585131483912, "C5": 0.75, "C3": 1.0, "C2": 0.646067415730337, "C4": 0.868138971180223, "C6": 0.5609999999999999, "Final": 0.5727851151183655, "Rank": 9}, "baseball": {"C1": 0.6170517487480718, "C5": 0.8447891935484183, "C3": 0.75, "C2": 0.2672064777327936, "C4": 0.6429726109244839, "C6": 0.3365, "Final": 0.5692733271267169, "Rank": 10}, "volleyball": {"C1": 0.611914246172694, "C5": 0.8447891935484183, "C3": 0.75, "C2": 0.2672064777327936, "C4": 0.6429726109244839, "C6": 0.3365, "Final": 0.5669381371449047, "Rank": 11}, "equestrian": {"C1": 0.41522163156100955, "C5": 0.75, "C3": 0.75, "C2": 0.901111761263897, "C4": 0.9967325820825841, "C6": 0.643, "Final": 0.5638016547044463, "Rank": 12}, "golf": {"C1": 0.7068543057352243, "C5": 0.8447891935484183, "C3": 0.0, "C2": 0.646067415730337, "C4": 0.868138971180223, "C6": 0.5609999999999999, "Final": 0.5515062154867805, "Rank": 13}, "skateboarding": {"C1": 0.38946845146853837, "C5": 0.75, "C3": 0.75, "C2": 0.901111761263897, "C4": 0.9967325820825841, "C6": 0.643, "Final": 0.5503231446453949, "Rank": 14}, "surfing": {"C1": 0.46638925150801985, "C5": 0.8447891935484183, "C3": 0.75, "C2": 0.5641025641025641, "C4": 0.8280585670705144, "C6": 0.405, "Final": 0.5465818925835215, "Rank": 15}, "table tennis": {"C1": 0.44065727777910807, "C5": 0.75, "C3": 0.75, "C2": 0.646067415730337, "C4": 0.868138971180223, "C6": 0.5609999999999999, "Final": 0.5404031247620966, "Rank": 16}, "esports": {"C1": 0.3019110109735343, "C5": 1.0, "C3": 1.0, "C2": 0.6470697501625337, "C4": 0.9383148783941478, "C6": 0.6587, "Final": 0.5337490917907192, "Rank": 17}, "american football": {"C1": 0.6665529782395325, "C5": 1.0, "C3": 0.25, "C2": 0.2672064777327936, "C4": 0.6429726109244839, "C6": 0.3365, "Final": 0.5298888334645392, "Rank": 18}, "ice hockey": {"C1": 0.5176435105533552, "C5": 0.75, "C3": 0.75, "C2": 0.2672064777327936, "C4": 0.6429726109244839, "C6": 0.3365, "Final": 0.5136514016512489, "Rank": 19}, "triathlon": {"C1": 0.27873877305197436, "C5": 0.8447891935484183, "C3": 0.75, "C2": 0.901111761263897, "C4": 0.9967325820825841, "C6": 0.643, "Final": 0.5066747203539261, "Rank": 20}, "judo": {"C1": 0.31039433018056123, "C5": 0.6320125519135693, "C3": 1.0, "C2": 0.6470697501625337, "C4": 0.9383148783941478, "C6": 0.6587, "Final": 0.504161743428475, "Rank": 21}, "rugby union": {"C1": 0.5646001777982474, "C5": 0.75, "C3": 0.5, "C2": 0.2672064777327936, "C4": 0.6429726109244839, "C6": 0.3365, "Final": 0.49701695684902636, "Rank": 22}, "artistic swimming": {"C1": 0.21811538540015604, "C5": 0.8447891935484183, "C3": 0.75, "C2": 0.9556509298998569, "C4": 1.0, "C6": 0.7050000000000001, "Final": 0.4896869185774794, "Rank": 23}, "rowing": {"C1": 0.24187821403324578, "C5": 0.6320125519135693, "C3": 0.75, "C2": 0.9556509298998569, "C4": 1.0, "C6": 0.7050000000000001, "Final": 0.47877310341490803, "Rank": 24}, "road cycling": {"C1": 0.14319561511622456, "C5": 0.7127394326953596, "C3": 1.0, "C2": 0.8712011577424024, "C4": 0.9729558793075354, "C6": 0.653, "Final": 0.47274969392174393, "Rank": 25}, "diving": {"C1": 0.19541978162997126, "C5": 0.75, "C3": 0.75, "C2": 0.9556509298998569, "C4": 1.0, "C6": 0.7050000000000001, "Final": 0.4721959461651515, "Rank": 26}, "modern pentathlon": {"C1": 0.15740781839386006, "C5": 0.6026091626590825, "C3": 1.0, "C2": 0.901111761263897, "C4": 0.9967325820825841, "C6": 0.643, "Final": 0.4714121180360983, "Rank": 27}, "archery": {"C1": 0.26344734652910984, "C5": 0.5, "C3": 1.0, "C2": 0.646067415730337, "C4": 0.868138971180223, "C6": 0.5609999999999999, "Final": 0.46768562008350123, "Rank": 28}, "canoe slalom": {"C1": 0.11819986037562677, "C5": 0.8447891935484183, "C3": 0.75, "C2": 0.9556509298998569, "C4": 1.0, "C6": 0.7050000000000001, "Final": 0.4548138833840824, "Rank": 29}, "water polo": {"C1": 0.18467982325659937, "C5": 0.6026091626590825, "C3": 0.75, "C2": 0.9556509298998569, "C4": 1.0, "C6": 0.7050000000000001, "Final": 0.4541634694430152, "Rank": 30}, "canoe sprint": {"C1": 0.11236402633195527, "C5": 0.8447891935484183, "C3": 0.75, "C2": 0.9556509298998569, "C4": 1.0, "C6": 0.7050000000000001, "Final": 0.45301109681323826, "Rank": 31}, "weightlifting": {"C1": 0.23456626764534835, "C5": 0.8447891935484183, "C3": 0.5, "C2": 0.901111761263897, "C4": 0.9967325820825841, "C6": 0.643, "Final": 0.4522193662741687, "Rank": 32}, "sport climbing": {"C1": 0.11934634897541267, "C5": 0.8447891935484183, "C3": 0.75, "C2": 0.901111761263897, "C4": 0.9967325820825841, "C6": 0.643, "Final": 0.4468206136640651, "Rank": 33}, "mountain biking": {"C1": 0.1306157606476142, "C5": 0.8447891935484183, "C3": 0.75, "C2": 0.8712011577424024, "C4": 0.9729558793075354, "C6": 0.653, "Final": 0.4466831717177887, "Rank": 34}, "handball": {"C1": 0.45804527682088314, "C5": 0.75, "C3": 0.5, "C2": 0.2672064777327936, "C4": 0.6429726109244839, "C6": 0.3365, "Final": 0.4440706463424949, "Rank": 35}, "fencing": {"C1": 0.24006789897915815, "C5": 0.75, "C3": 0.75, "C2": 0.646067415730337, "C4": 0.868138971180223, "C6": 0.5609999999999999, "Final": 0.4429590422374412, "Rank": 36}, "freestyle bmx": {"C1": 0.14438582002717243, "C5": 0.75, "C3": 0.75, "C2": 0.8712011577424024, "C4": 0.9729558793075354, "C6": 0.653, "Final": 0.4416112438973384, "Rank": 37}, "artistic gymnastics": {"C1": 0.22515380935914847, "C5": 0.7127394326953596, "C3": 0.75, "C2": 0.6470697501625337, "C4": 0.9383148783941478, "C6": 0.6587, "Final": 0.43666832082360874, "Rank": 38}, "ultimate frisbee": {"C1": 0.14666249692943734, "C5": 1.0, "C3": 1.0, "C2": 0.2672064777327936, "C4": 0.6429726109244839, "C6": 0.3365, "Final": 0.4326481296052522, "Rank": 39}, "rhythmic gymnastics": {"C1": 0.1993864230082048, "C5": 0.75, "C3": 0.75, "C2": 0.6470697501625337, "C4": 0.9383148783941478, "C6": 0.6587, "Final": 0.4310433279779521, "Rank": 40}, "wrestling": {"C1": 0.4603213296992392, "C5": 0.0, "C3": 0.5, "C2": 0.6470697501625337, "C4": 0.9383148783941478, "C6": 0.6587, "Final": 0.4249600346948885, "Rank": 41}, "marathon swimming": {"C1": 0.07502647123510306, "C5": 0.6320125519135693, "C3": 0.75, "C2": 0.9556509298998569, "C4": 1.0, "C6": 0.7050000000000001, "Final": 0.422428602109913, "Rank": 42}, "bmx racing": {"C1": 0.12600851869335555, "C5": 0.8447891935484183, "C3": 0.5, "C2": 0.8712011577424024, "C4": 0.9729558793075354, "C6": 0.653, "Final": 0.40995613441411544, "Rank": 43}, "rugby sevens": {"C1": 0.14732716739070975, "C5": 0.75, "C3": 1.0, "C2": 0.2672064777327936, "C4": 0.6429726109244839, "C6": 0.3365, "Final": 0.40774090351021214, "Rank": 44}, "track cycling": {"C1": 0.1136406704108153,