{"skateboarding": {"C1": 0.5575282961575968, "C5": 0.75, "C3": 0.75, "C2": 0.901111761263897, "C4": 0.9967325820825841, "C6": 0.643, "Final": 0.7879541906129923, "Rank": 1}, "shooting": {"C1": 0.4779132155557025, "C5": 0.8447891935484183, "C3": 0.75, "C2": 0.901111761263897, "C4": 0.9967325820825841, "C6": 0.643, "Final": 0.7783807646132702, "Rank": 2}, "triathlon": {"C1": 0.4498515826886369, "C5": 0.8447891935484183, "C3": 0.75, "C2": 0.901111761263897, "C4": 0.9967325820825841, "C6": 0.643, "Final": 0.7660895068482295, "Rank": 3}, "artistic swimming": {"C1": 0.39444653404750607, "C5": 0.8447891935484183, "C3": 0.75, "C2": 0.9556509298998569, "C4": 1.0, "C6": 0.7050000000000001, "Final": 0.7491573926928523, "Rank": 4}, "athletics": {"C1": 0.314214862674808, "C5": 0.75, "C3": 1.0, "C2": 0.901111761263897, "C4": 0.9967325820825841, "C6": 0.643, "Final": 0.7348596661219917, "Rank": 5}, "sport climbing": {"C1": 0.3603018186059054, "C5": 0.8447891935484183, "C3": 0.75, "C2": 0.901111761263897, "C4": 0.9967325820825841, "C6": 0.643, "Final": 0.7252531002141168, "Rank": 6}, "rowing": {"C1": 0.437200654838729, "C5": 0.6320125519135693, "C3": 0.75, "C2": 0.9556509298998569, "C4": 1.0, "C6": 0.7050000000000001, "Final": 0.7231925767972835, "Rank": 7}, "table tennis": {"C1": 0.5497943707737699, "C5": 0.75, "C3": 0.75, "C2": 0.646067415730337, "C4": 0.868138971180223, "C6": 0.5609999999999999, "Final": 0.7047012976684258, "Rank": 8}, "judo": {"C1": 0.42510566532792604, "C5": 0.6320125519135693, "C3": 1.0, "C2": 0.6470697501625337, "C4": 0.9383148783941478, "C6": 0.6587, "Final": 0.6984837789399977, "Rank": 9}, "swimming": {"C1": 0.5538778741299285, "C5": 0.75, "C3": 0.5, "C2": 0.9556509298998569, "C4": 1.0, "C6": 0.7050000000000001, "Final": 0.6964415445731001, "Rank": 10}, "equestrian": {"C1": 0.30173188975542553, "C5": 0.75, "C3": 0.75, "C2": 0.901111761263897, "C4": 0.9967325820825841, "C6": 0.643, "Final": 0.6833749373711255, "Rank": 11}, "rhythmic gymnastics": {"C1": 0.43152398105182244, "C5": 0.75, "C3": 0.75, "C2": 0.6470697501625337, "C4": 0.9383148783941478, "C6": 0.6587, "Final": 0.674246619211686, "Rank": 12}, "esports": {"C1": 0.212017052338112, "C5": 1.0, "C3": 1.0, "C2": 0.6470697501625337, "C4": 0.9383148783941478, "C6": 0.6587, "Final": 0.6706982116443444, "Rank": 13}, "artistic gymnastics": {"C1": 0.4283225036616104, "C5": 0.7127394326953596, "C3": 0.75, "C2": 0.6470697501625337, "C4": 0.9383148783941478, "C6": 0.6587, "Final": 0.6655384569804206, "Rank": 14}, "cricket": {"C1": 0.5281366512892985, "C5": 0.6026091626590825, "C3": 0.75, "C2": 0.646067415730337, "C4": 0.868138971180223, "C6": 0.5609999999999999, "Final": 0.6650434122441212, "Rank": 15}, "modern pentathlon": {"C1": 0.20815491571279104, "C5": 0.6026091626590825, "C3": 1.0, "C2": 0.901111761263897, "C4": 0.9967325820825841, "C6": 0.643, "Final": 0.6635854271951305, "Rank": 16}, "canoe sprint": {"C1": 0.19927624020072665, "C5": 0.8447891935484183, "C3": 0.75, "C2": 0.9556509298998569, "C4": 1.0, "C6": 0.7050000000000001, "Final": 0.6634683937302234, "Rank": 17}, "archery": {"C1": 0.425861269485758, "C5": 0.5, "C3": 1.0, "C2": 0.646067415730337, "C4": 0.868138971180223, "C6": 0.5609999999999999, "Final": 0.6621104896279114, "Rank": 18}, "road cycling": {"C1": 0.15906659081472985, "C5": 0.7127394326953596, "C3": 1.0, "C2": 0.8712011577424024, "C4": 0.9729558793075354, "C6": 0.653, "Final": 0.6587852037743698, "Rank": 19}, "water polo": {"C1": 0.2883216282732448, "C5": 0.6026091626590825, "C3": 0.75, "C2": 0.9556509298998569, "C4": 1.0, "C6": 0.7050000000000001, "Final": 0.6586611834971322, "Rank": 20}, "mountain biking": {"C1": 0.21720183206720045, "C5": 0.8447891935484183, "C3": 0.75, "C2": 0.8712011577424024, "C4": 0.9729558793075354, "C6": 0.653, "Final": 0.6577439599518942, "Rank": 21}, "weightlifting": {"C1": 0.3973234749343922, "C5": 0.8447891935484183, "C3": 0.5, "C2": 0.901111761263897, "C4": 0.9967325820825841, "C6": 0.643, "Final": 0.6569520383092022, "Rank": 22}, "badminton": {"C1": 0.2561849038009902, "C5": 0.75, "C3": 1.0, "C2": 0.646067415730337, "C4": 0.868138971180223, "C6": 0.5609999999999999, "Final": 0.652845161140357, "Rank": 23}, "canoe slalom": {"C1": 0.1551109839710677, "C5": 0.8447891935484183, "C3": 0.75, "C2": 0.9556509298998569, "C4": 1.0, "C6": 0.7050000000000001, "Final": 0.6460635085686567, "Rank": 24}, "boxing": {"C1": 0.5227358219551832, "C5": 0.5, "C3": 0.75, "C2": 0.6470697501625337, "C4": 0.9383148783941478, "C6": 0.6587, "Final": 0.644466682210151, "Rank": 25}, "surfing": {"C1": 0.3829386388884685, "C5": 0.8447891935484183, "C3": 0.75, "C2": 0.5641025641025641, "C4": 0.8280585670705144, "C6": 0.405, "Final": 0.6277538776572555, "Rank": 26}, "freestyle bmx": {"C1": 0.17654860808545653, "C5": 0.75, "C3": 0.75, "C2": 0.8712011577424024, "C4": 0.9729558793075354, "C6": 0.653, "Final": 0.6274538740064661, "Rank": 27}, "marathon swimming": {"C1": 0.15503819562892776, "C5": 0.6320125519135693, "C3": 0.75, "C2": 0.9556509298998569, "C4": 1.0, "C6": 0.7050000000000001, "Final": 0.6146792934235787, "Rank": 28}, "diving": {"C1": 0.07411206374856168, "C5": 0.75, "C3": 0.75, "C2": 0.9556509298998569, "C4": 1.0, "C6": 0.7050000000000001, "Final": 0.6047313194316016, "Rank": 29}, "volleyball": {"C1": 0.6134620277833196, "C5": 0.8447891935484183, "C3": 0.75, "C2": 0.2672064777327936, "C4": 0.6429726109244839, "C6": 0.3365, "Final": 0.5839653704418933, "Rank": 30}, "basketball": {"C1": 0.5121532927653398, "C5": 1.0, "C3": 0.75, "C2": 0.2672064777327936, "C4": 0.6429726109244839, "C6": 0.3365, "Final": 0.583653902473716, "Rank": 31}, "bmx racing": {"C1": 0.15721240068433015, "C5": 0.8447891935484183, "C3": 0.5, "C2": 0.8712011577424024, "C4": 0.9729558793075354, "C6": 0.653, "Final": 0.5715225655603343, "Rank": 32}, "track cycling": {"C1": 0.15153290640452613, "C5": 0.8447891935484183, "C3": 0.5, "C2": 0.8712011577424024, "C4": 0.9729558793075354, "C6": 0.653, "Final": 0.5697649677670305, "Rank": 33}, "baseball": {"C1": 0.5241553880110585, "C5": 0.8447891935484183, "C3": 0.75, "C2": 0.2672064777327936, "C4": 0.6429726109244839, "C6": 0.3365, "Final": 0.5670023433422133, "Rank": 34}, "tennis": {"C1": 0.595342141431651, "C5": 0.8222964009221556, "C3": 0.25, "C2": 0.646067415730337, "C4": 0.868138971180223, "C6": 0.5609999999999999, "Final": 0.5592033358334316, "Rank": 35}, "fencing": {"C1": 0.1189379699269906, "C5": 0.75, "C3": 0.75, "C2": 0.646067415730337, "C4": 0.868138971180223, "C6": 0.5609999999999999, "Final": 0.5556250754587757, "Rank": 36}, "ultimate frisbee": {"C1": 0.1286338795343266, "C5": 1.0, "C3": 1.0, "C2": 0.2672064777327936, "C4": 0.6429726109244839, "C6": 0.3365, "Final": 0.5457984616287745, "Rank": 37}, "flag football": {"C1": 0.17780013343732748, "C5": 0.8222964009221556, "C3": 1.0, "C2": 0.2672064777327936, "C4": 0.6429726109244839, "C6": 0.3365, "Final": 0.53591119097054, "Rank": 38}, "sailing": {"C1": 0.21595150572977384, "C5": 0.6026091626590825, "C3": 0.75, "C2": 0.5641025641025641, "C4": 0.8280585670705144, "C6": 0.405, "Final": 0.5291909686373468, "Rank": 39}, "trampolining": {"C1": 0.1317654375166499, "C5": 0.5, "C3": 0.75, "C2": 0.6470697501625337, "C4": 0.9383148783941478, "C6": 0.6587, "Final": 0.5203898912762087, "Rank": 40}, "rugby sevens": {"C1": 0.11784622407266793, "C5": 0.75, "C3": 1.0, "C2": 0.2672064777327936, "C4": 0.6429726109244839, "C6": 0.3365, "Final": 0.5147555227908811, "Rank": 41}, "breaking": {"C1": 0.35577762998967577, "C5": 0.5, "C3": 0.5, "C2": 0.6470697501625337, "C4": 0.9383148783941478, "C6": 0.6587, "Final": 0.5138181558759781, "Rank": 42}, "football": {"C1": 0.6850119950281541, "C5": 1.0, "C3": 0.25, "C2": 0.2672064777327936, "C4": 0.6429726109244839, "C6": 0.3365, "Final": 0.5096946815200137, "Rank": 43}, "ice hockey": {"C1": 0.32328119808404854, "C5": 0.75, "C3": 0.75, "C2": 0.2672064777327936, "C4": 0.6429726109244839, "C6": 0.3365, "Final": 0.5065297968096861, "Rank": 44},