{"shooting": {"C1": 0.6277339077567143, "C5": 0.8447891935484183, "C3": 0.75, "C2": 0.901111761263897, "C4": 0.9967325820825841, "C6": 0.643, "Final": 0.7700055298145113, "Rank": 1}, "swimming": {"C1": 0.6931710700768932, "C5": 0.75, "C3": 0.5, "C2": 0.9556509298998569, "C4": 1.0, "C6": 0.7050000000000001, "Final": 0.7318927733502057, "Rank": 2}, "cricket": {"C1": 0.6963147849830786, "C5": 0.6026091626590825, "C3": 0.75, "C2": 0.646067415730337, "C4": 0.868138971180223, "C6": 0.5609999999999999, "Final": 0.7193605716156694, "Rank": 3}, "boxing": {"C1": 0.6961992928748941, "C5": 0.5, "C3": 0.75, "C2": 0.6470697501625337, "C4": 0.9383148783941478, "C6": 0.6587, "Final": 0.704945683129701, "Rank": 4}, "athletics": {"C1": 0.4760302970894986, "C5": 0.75, "C3": 1.0, "C2": 0.901111761263897, "C4": 0.9967325820825841, "C6": 0.643, "Final": 0.6918303885091455, "Rank": 5}, "skateboarding": {"C1": 0.4685849133816543, "C5": 0.75, "C3": 0.75, "C2": 0.901111761263897, "C4": 0.9967325820825841, "C6": 0.643, "Final": 0.6548888886069241, "Rank": 6}, "tennis": {"C1": 0.7740880776377113, "C5": 0.8222964009221556, "C3": 0.25, "C2": 0.646067415730337, "C4": 0.868138971180223, "C6": 0.5609999999999999, "Final": 0.6534150234281778, "Rank": 7}, "volleyball": {"C1": 0.7351808859180949, "C5": 0.8447891935484183, "C3": 0.75, "C2": 0.2672064777327936, "C4": 0.6429726109244839, "C6": 0.3365, "Final": 0.6482380806728016, "Rank": 8}, "basketball": {"C1": 0.6804890663995111, "C5": 1.0, "C3": 0.75, "C2": 0.2672064777327936, "C4": 0.6429726109244839, "C6": 0.3365, "Final": 0.6409818145705638, "Rank": 9}, "surfing": {"C1": 0.5123234620458599, "C5": 0.8447891935484183, "C3": 0.75, "C2": 0.5641025641025641, "C4": 0.8280585670705144, "C6": 0.405, "Final": 0.6248866286178989, "Rank": 10}, "equestrian": {"C1": 0.41827152093722125, "C5": 0.75, "C3": 0.75, "C2": 0.901111761263897, "C4": 0.9967325820825841, "C6": 0.643, "Final": 0.623465462319691, "Rank": 11}, "baseball": {"C1": 0.6460457314331866, "C5": 0.8447891935484183, "C3": 0.75, "C2": 0.2672064777327936, "C4": 0.6429726109244839, "C6": 0.3365, "Final": 0.6169048564461544, "Rank": 12}, "table tennis": {"C1": 0.46942597671637654, "C5": 0.75, "C3": 0.75, "C2": 0.646067415730337, "C4": 0.868138971180223, "C6": 0.5609999999999999, "Final": 0.6124573857987623, "Rank": 13}, "esports": {"C1": 0.3610801683437562, "C5": 1.0, "C3": 1.0, "C2": 0.6470697501625337, "C4": 0.9383148783941478, "C6": 0.6587, "Final": 0.6121622866363582, "Rank": 14}, "football": {"C1": 0.8516429057275452, "C5": 1.0, "C3": 0.25, "C2": 0.2672064777327936, "C4": 0.6429726109244839, "C6": 0.3365, "Final": 0.6097857815233669, "Rank": 15}, "badminton": {"C1": 0.39240880157521457, "C5": 0.75, "C3": 1.0, "C2": 0.646067415730337, "C4": 0.868138971180223, "C6": 0.5609999999999999, "Final": 0.6034940103544648, "Rank": 16}, "golf": {"C1": 0.7495642388360221, "C5": 0.8447891935484183, "C3": 0.0, "C2": 0.646067415730337, "C4": 0.868138971180223, "C6": 0.5609999999999999, "Final": 0.590508220757508, "Rank": 17}, "rowing": {"C1": 0.37336412794977736, "C5": 0.6320125519135693, "C3": 0.75, "C2": 0.9556509298998569, "C4": 1.0, "C6": 0.7050000000000001, "Final": 0.5905029828323941, "Rank": 18}, "triathlon": {"C1": 0.3042843502255028, "C5": 0.8447891935484183, "C3": 0.75, "C2": 0.901111761263897, "C4": 0.9967325820825841, "C6": 0.643, "Final": 0.5677772493587028, "Rank": 19}, "judo": {"C1": 0.33423892186355697, "C5": 0.6320125519135693, "C3": 1.0, "C2": 0.6470697501625337, "C4": 0.9383148783941478, "C6": 0.6587, "Final": 0.5625869223233337, "Rank": 20}, "artistic swimming": {"C1": 0.2671575919008711, "C5": 0.8447891935484183, "C3": 0.75, "C2": 0.9556509298998569, "C4": 1.0, "C6": 0.7050000000000001, "Final": 0.5563794498861269, "Rank": 21}, "american football": {"C1": 0.6671051130079928, "C5": 1.0, "C3": 0.25, "C2": 0.2672064777327936, "C4": 0.6429726109244839, "C6": 0.3365, "Final": 0.5559561442457074, "Rank": 22}, "rugby union": {"C1": 0.616016123667313, "C5": 0.75, "C3": 0.5, "C2": 0.2672064777327936, "C4": 0.6429726109244839, "C6": 0.3365, "Final": 0.5547947499610595, "Rank": 23}, "ice hockey": {"C1": 0.5189627718144761, "C5": 0.75, "C3": 0.75, "C2": 0.2672064777327936, "C4": 0.6429726109244839, "C6": 0.3365, "Final": 0.5521997510930018, "Rank": 24}, "archery": {"C1": 0.328042264085487, "C5": 0.5, "C3": 1.0, "C2": 0.646067415730337, "C4": 0.868138971180223, "C6": 0.5609999999999999, "Final": 0.5399393132276821, "Rank": 25}, "artistic gymnastics": {"C1": 0.3437428109925901, "C5": 0.7127394326953596, "C3": 0.75, "C2": 0.6470697501625337, "C4": 0.9383148783941478, "C6": 0.6587, "Final": 0.5379113210080734, "Rank": 26}, "sport climbing": {"C1": 0.2349750547906794, "C5": 0.8447891935484183, "C3": 0.75, "C2": 0.901111761263897, "C4": 0.9967325820825841, "C6": 0.643, "Final": 0.5326844730640289, "Rank": 27}, "diving": {"C1": 0.23231705929793553, "C5": 0.75, "C3": 0.75, "C2": 0.9556509298998569, "C4": 1.0, "C6": 0.7050000000000001, "Final": 0.5300264323732145, "Rank": 28}, "weightlifting": {"C1": 0.30001173742419535, "C5": 0.8447891935484183, "C3": 0.5, "C2": 0.901111761263897, "C4": 0.9967325820825841, "C6": 0.643, "Final": 0.5235751206595362, "Rank": 29}, "handball": {"C1": 0.5339065111158751, "C5": 0.75, "C3": 0.5, "C2": 0.2672064777327936, "C4": 0.6429726109244839, "C6": 0.3365, "Final": 0.5166329182205388, "Rank": 30}, "water polo": {"C1": 0.19517210655044512, "C5": 0.6026091626590825, "C3": 0.75, "C2": 0.9556509298998569, "C4": 1.0, "C6": 0.7050000000000001, "Final": 0.49765218944862566, "Rank": 31}, "rhythmic gymnastics": {"C1": 0.25628253101841947, "C5": 0.75, "C3": 0.75, "C2": 0.6470697501625337, "C4": 0.9383148783941478, "C6": 0.6587, "Final": 0.4963701023121879, "Rank": 32}, "fencing": {"C1": 0.26503364843988175, "C5": 0.75, "C3": 0.75, "C2": 0.646067415730337, "C4": 0.868138971180223, "C6": 0.5609999999999999, "Final": 0.4963031967562422, "Rank": 33}, "modern pentathlon": {"C1": 0.1160464065663959, "C5": 0.6026091626590825, "C3": 1.0, "C2": 0.901111761263897, "C4": 0.9967325820825841, "C6": 0.643, "Final": 0.4943051276314848, "Rank": 34}, "mountain biking": {"C1": 0.15214621119270547, "C5": 0.8447891935484183, "C3": 0.75, "C2": 0.8712011577424024, "C4": 0.9729558793075354, "C6": 0.653, "Final": 0.49243389949408395, "Rank": 35}, "ultimate frisbee": {"C1": 0.20099889093679563, "C5": 1.0, "C3": 1.0, "C2": 0.2672064777327936, "C4": 0.6429726109244839, "C6": 0.3365, "Final": 0.4798090555094293, "Rank": 36}, "wrestling": {"C1": 0.49142357226505406, "C5": 0.0, "C3": 0.5, "C2": 0.6470697501625337, "C4": 0.9383148783941478, "C6": 0.6587, "Final": 0.4749435970118029, "Rank": 37}, "canoe sprint": {"C1": 0.06737545489539327, "C5": 0.8447891935484183, "C3": 0.75, "C2": 0.9556509298998569, "C4": 1.0, "C6": 0.7050000000000001, "Final": 0.4739404771643261, "Rank": 38}, "canoe slalom": {"C1": 0.06726228284812368, "C5": 0.8447891935484183, "C3": 0.75, "C2": 0.9556509298998569, "C4": 1.0, "C6": 0.7050000000000001, "Final": 0.47390363405715946, "Rank": 39}, "road cycling": {"C1": 0.02703188872692816, "C5": 0.7127394326953596, "C3": 1.0, "C2": 0.8712011577424024, "C4": 0.9729558793075354, "C6": 0.653, "Final": 0.4716311047824217, "Rank": 40}, "rugby sevens": {"C1": 0.23065319263010647, "C5": 0.75, "C3": 1.0, "C2": 0.2672064777327936, "C4": 0.6429726109244839, "C6": 0.3365, "Final": 0.46495989558660344, "Rank": 41}, "freestyle bmx": {"C1": 0.10425700978720676, "C5": 0.75, "C3": 0.75, "C2": 0.8712011577424024, "C4": 0.9729558793075354, "C6": 0.653, "Final": 0.4641175638980715, "Rank": 42}, "marathon swimming": {"C1": 0.06719021239952902, "C5": 0.6320125519135693, "C3": 0.75, "C2": 0.9556509298998569, "C4": 1.0, "C6": 0.7050000000000001, "Final": 0.45298196447286593, "Rank": 43}, "taekwondo": {"C1": 0.3834325616099664, "C5": 0.25, "C3": 0.5, "C2": 0.6470697501625337, "C4": 0.9383148783941478, "C6": 0.6587, "Final": 0.4460648711752809, "Rank": 44}, "track cycling": {"C1": 0.08904914086891184,