{"shooting": {"C1": 0.6081310537903759, "C5": 0.8447891935484183, "C3": 0.75, "C2": 0.901111761263897, "C4": 0.9967325820825841, "C6": 0.643, "Final": 0.7647471618345753, "Rank": 1}, "swimming": {"C1": 0.6955121105865818, "C5": 0.75, "C3": 0.5, "C2": 0.9556509298998569, "C4": 1.0, "C6": 0.7050000000000001, "Final": 0.7336630749615298, "Rank": 2}, "cricket": {"C1": 0.6745599499439479, "C5": 0.6026091626590825, "C3": 0.75, "C2": 0.646067415730337, "C4": 0.868138971180223, "C6": 0.5609999999999999, "Final": 0.7097220887680367, "Rank": 3}, "athletics": {"C1": 0.45661056062715505, "C5": 0.75, "C3": 1.0, "C2": 0.901111761263897, "C4": 0.9967325820825841, "C6": 0.643, "Final": 0.6879166602322018, "Rank": 4}, "skateboarding": {"C1": 0.49911658507081225, "C5": 0.75, "C3": 0.75, "C2": 0.901111761263897, "C4": 0.9967325820825841, "C6": 0.643, "Final": 0.6813376589905061, "Rank": 5}, "boxing": {"C1": 0.6282870563903264, "C5": 0.5, "C3": 0.75, "C2": 0.6470697501625337, "C4": 0.9383148783941478, "C6": 0.6587, "Final": 0.6729632348925274, "Rank": 6}, "surfing": {"C1": 0.5868062905417326, "C5": 0.8447891935484183, "C3": 0.75, "C2": 0.5641025641025641, "C4": 0.8280585670705144, "C6": 0.405, "Final": 0.668844899664774, "Rank": 7}, "triathlon": {"C1": 0.4390514030098274, "C5": 0.8447891935484183, "C3": 0.75, "C2": 0.901111761263897, "C4": 0.9967325820825841, "C6": 0.643, "Final": 0.6537906764098157, "Rank": 8}, "tennis": {"C1": 0.7700975022068687, "C5": 0.8222964009221556, "C3": 0.25, "C2": 0.646067415730337, "C4": 0.868138971180223, "C6": 0.5609999999999999, "Final": 0.6470417172665871, "Rank": 9}, "judo": {"C1": 0.4661907338073924, "C5": 0.6320125519135693, "C3": 1.0, "C2": 0.6470697501625337, "C4": 0.9383148783941478, "C6": 0.6587, "Final": 0.641150675421286, "Rank": 10}, "volleyball": {"C1": 0.7017937761779105, "C5": 0.8447891935484183, "C3": 0.75, "C2": 0.2672064777327936, "C4": 0.6429726109244839, "C6": 0.3365, "Final": 0.6340234300885393, "Rank": 11}, "equestrian": {"C1": 0.4229678536913909, "C5": 0.75, "C3": 0.75, "C2": 0.901111761263897, "C4": 0.9967325820825841, "C6": 0.643, "Final": 0.633104499834057, "Rank": 12}, "basketball": {"C1": 0.6584546811573868, "C5": 1.0, "C3": 0.75, "C2": 0.2672064777327936, "C4": 0.6429726109244839, "C6": 0.3365, "Final": 0.6310835626776793, "Rank": 13}, "badminton": {"C1": 0.4174386406158085, "C5": 0.75, "C3": 1.0, "C2": 0.646067415730337, "C4": 0.868138971180223, "C6": 0.5609999999999999, "Final": 0.6237219289077478, "Rank": 14}, "esports": {"C1": 0.3579053222600558, "C5": 1.0, "C3": 1.0, "C2": 0.6470697501625337, "C4": 0.9383148783941478, "C6": 0.6587, "Final": 0.6175734009021854, "Rank": 15}, "rowing": {"C1": 0.40510195105195546, "C5": 0.6320125519135693, "C3": 0.75, "C2": 0.9556509298998569, "C4": 1.0, "C6": 0.7050000000000001, "Final": 0.6149402080849061, "Rank": 16}, "table tennis": {"C1": 0.45875808212246866, "C5": 0.75, "C3": 0.75, "C2": 0.646067415730337, "C4": 0.868138971180223, "C6": 0.5609999999999999, "Final": 0.6102198393950092, "Rank": 17}, "artistic swimming": {"C1": 0.3507041396247858, "C5": 0.8447891935484183, "C3": 0.75, "C2": 0.9556509298998569, "C4": 1.0, "C6": 0.7050000000000001, "Final": 0.6080899254589723, "Rank": 18}, "football": {"C1": 0.8326318328408508, "C5": 1.0, "C3": 0.25, "C2": 0.2672064777327936, "C4": 0.6429726109244839, "C6": 0.3365, "Final": 0.598776855374207, "Rank": 19}, "baseball": {"C1": 0.5901272352263779, "C5": 0.8447891935484183, "C3": 0.75, "C2": 0.2672064777327936, "C4": 0.6429726109244839, "C6": 0.3365, "Final": 0.5922677294948805, "Rank": 20}, "golf": {"C1": 0.7462331202833502, "C5": 0.8447891935484183, "C3": 0.0, "C2": 0.646067415730337, "C4": 0.868138971180223, "C6": 0.5609999999999999, "Final": 0.5835563016045507, "Rank": 21}, "artistic gymnastics": {"C1": 0.40816259990279247, "C5": 0.7127394326953596, "C3": 0.75, "C2": 0.6470697501625337, "C4": 0.9383148783941478, "C6": 0.6587, "Final": 0.5796128069021288, "Rank": 22}, "weightlifting": {"C1": 0.39524121441042537, "C5": 0.8447891935484183, "C3": 0.5, "C2": 0.901111761263897, "C4": 0.9967325820825841, "C6": 0.643, "Final": 0.5788452107995883, "Rank": 23}, "archery": {"C1": 0.3643233705246663, "C5": 0.5, "C3": 1.0, "C2": 0.646067415730337, "C4": 0.868138971180223, "C6": 0.5609999999999999, "Final": 0.5632304062088014, "Rank": 24}, "ice hockey": {"C1": 0.5355108794659886, "C5": 0.75, "C3": 0.75, "C2": 0.2672064777327936, "C4": 0.6429726109244839, "C6": 0.3365, "Final": 0.5585019076610731, "Rank": 25}, "american football": {"C1": 0.6448343096299277, "C5": 1.0, "C3": 0.25, "C2": 0.2672064777327936, "C4": 0.6429726109244839, "C6": 0.3365, "Final": 0.5428449914118311, "Rank": 26}, "rhythmic gymnastics": {"C1": 0.3185724560995725, "C5": 0.75, "C3": 0.75, "C2": 0.6470697501625337, "C4": 0.9383148783941478, "C6": 0.6587, "Final": 0.533702823194321, "Rank": 27}, "rugby union": {"C1": 0.5728527697736624, "C5": 0.75, "C3": 0.5, "C2": 0.2672064777327936, "C4": 0.6429726109244839, "C6": 0.3365, "Final": 0.5312607982399681, "Rank": 28}, "modern pentathlon": {"C1": 0.18115782950873602, "C5": 0.6026091626590825, "C3": 1.0, "C2": 0.901111761263897, "C4": 0.9967325820825841, "C6": 0.643, "Final": 0.5268225572726382, "Rank": 29}, "canoe sprint": {"C1": 0.1781475854590338, "C5": 0.8447891935484183, "C3": 0.75, "C2": 0.9556509298998569, "C4": 1.0, "C6": 0.7050000000000001, "Final": 0.5228174183052561, "Rank": 30}, "handball": {"C1": 0.5322609011288721, "C5": 0.75, "C3": 0.5, "C2": 0.2672064777327936, "C4": 0.6429726109244839, "C6": 0.3365, "Final": 0.5122757677701825, "Rank": 31}, "sport climbing": {"C1": 0.16577852214325034, "C5": 0.8447891935484183, "C3": 0.75, "C2": 0.901111761263897, "C4": 0.9967325820825841, "C6": 0.643, "Final": 0.5091838556030188, "Rank": 32}, "diving": {"C1": 0.15053006841423816, "C5": 0.75, "C3": 0.75, "C2": 0.9556509298998569, "C4": 1.0, "C6": 0.7050000000000001, "Final": 0.5019361512700853, "Rank": 33}, "road cycling": {"C1": 0.09031656083667981, "C5": 0.7127394326953596, "C3": 1.0, "C2": 0.8712011577424024, "C4": 0.9729558793075354, "C6": 0.653, "Final": 0.499698623673021, "Rank": 34}, "water polo": {"C1": 0.16541818633022554, "C5": 0.6026091626590825, "C3": 0.75, "C2": 0.9556509298998569, "C4": 1.0, "C6": 0.7050000000000001, "Final": 0.49204906223256295, "Rank": 35}, "wrestling": {"C1": 0.5311025532902746, "C5": 0.0, "C3": 0.5, "C2": 0.6470697501625337, "C4": 0.9383148783941478, "C6": 0.6587, "Final": 0.4906302615208352, "Rank": 36}, "canoe slalom": {"C1": 0.08630318940211779, "C5": 0.8447891935484183, "C3": 0.75, "C2": 0.9556509298998569, "C4": 1.0, "C6": 0.7050000000000001, "Final": 0.48803326421538734, "Rank": 37}, "freestyle bmx": {"C1": 0.10793191912663574, "C5": 0.75, "C3": 0.75, "C2": 0.8712011577424024, "C4": 0.9729558793075354, "C6": 0.653, "Final": 0.4727969487060802, "Rank": 38}, "fencing": {"C1": 0.18335984290712834, "C5": 0.75, "C3": 0.75, "C2": 0.646067415730337, "C4": 0.868138971180223, "C6": 0.5609999999999999, "Final": 0.46419317226987095, "Rank": 39}, "mountain biking": {"C1": 0.050318970489416824, "C5": 0.8447891935484183, "C3": 0.75, "C2": 0.8712011577424024, "C4": 0.9729558793075354, "C6": 0.653, "Final": 0.46400647467475464, "Rank": 40}, "marathon swimming": {"C1": 0.06268299996774371, "C5": 0.6320125519135693, "C3": 0.75, "C2": 0.9556509298998569, "C4": 1.0, "C6": 0.7050000000000001, "Final": 0.4590701102167149, "Rank": 41}, "ultimate frisbee": {"C1": 0.11735419385760304, "C5": 1.0, "C3": 1.0, "C2": 0.2672064777327936, "C4": 0.6429726109244839, "C6": 0.3365, "Final": 0.4588893943588561, "Rank": 42}, "taekwondo": {"C1": 0.3784987231168618, "C5": 0.25, "C3": 0.5, "C2": 0.6470697501625337, "C4": 0.9383148783941478, "C6": 0.6587, "Final": 0.4413451323019898, "Rank": 43}, "flag football": {"C1": 0.10919299026852769, "C5": 0.8222964009221556, "C3": 1.0, "C2": 0.2672064777327936, "C4": 0.6429726109244839, "C6": 0.3365, "Final": 0.4381011898744303, "Rank": 44}, "bmx racing": {"C1": 0.084534337973759,