{"cricket": {"C1": 0.6820911300563646, "C5": 0.6026091626590825, "C3": 0.75, "C2": 0.646067415730337, "C4": 0.868138971180223, "C6": 0.5609999999999999, "Final": 0.6616994842598338, "Rank": 1}, "shooting": {"C1": 0.5659298418409406, "C5": 0.8447891935484183, "C3": 0.75, "C2": 0.901111761263897, "C4": 0.9967325820825841, "C6": 0.643, "Final": 0.6558399278690862, "Rank": 2}, "swimming": {"C1": 0.6396337618570557, "C5": 0.75, "C3": 0.5, "C2": 0.9556509298998569, "C4": 1.0, "C6": 0.7050000000000001, "Final": 0.6528569512993251, "Rank": 3}, "basketball": {"C1": 0.7619167971466642, "C5": 1.0, "C3": 0.75, "C2": 0.2672064777327936, "C4": 0.6429726109244839, "C6": 0.3365, "Final": 0.643790840167355, "Rank": 4}, "football": {"C1": 1.0, "C5": 1.0, "C3": 0.25, "C2": 0.2672064777327936, "C4": 0.6429726109244839, "C6": 0.3365, "Final": 0.6392536594403124, "Rank": 5}, "boxing": {"C1": 0.6145515459719411, "C5": 0.5, "C3": 0.75, "C2": 0.6470697501625337, "C4": 0.9383148783941478, "C6": 0.6587, "Final": 0.6128873326122098, "Rank": 6}, "tennis": {"C1": 0.7154565658452163, "C5": 0.8222964009221556, "C3": 0.25, "C2": 0.646067415730337, "C4": 0.868138971180223, "C6": 0.5609999999999999, "Final": 0.6052908279420904, "Rank": 7}, "athletics": {"C1": 0.43249499517386014, "C5": 0.75, "C3": 1.0, "C2": 0.901111761263897, "C4": 0.9967325820825841, "C6": 0.643, "Final": 0.5988481299841556, "Rank": 8}, "volleyball": {"C1": 0.6250452447964239, "C5": 0.8447891935484183, "C3": 0.75, "C2": 0.2672064777327936, "C4": 0.6429726109244839, "C6": 0.3365, "Final": 0.5745721736781748, "Rank": 9}, "baseball": {"C1": 0.6210839412019782, "C5": 0.8447891935484183, "C3": 0.75, "C2": 0.2672064777327936, "C4": 0.6429726109244839, "C6": 0.3365, "Final": 0.5727250781400596, "Rank": 10}, "skateboarding": {"C1": 0.41783460257370675, "C5": 0.75, "C3": 0.75, "C2": 0.901111761263897, "C4": 0.9967325820825841, "C6": 0.643, "Final": 0.5609662605399945, "Rank": 11}, "golf": {"C1": 0.7169086781709229, "C5": 0.8447891935484183, "C3": 0.0, "C2": 0.646067415730337, "C4": 0.868138971180223, "C6": 0.5609999999999999, "Final": 0.5598468832777499, "Rank": 12}, "surfing": {"C1": 0.4878364389190551, "C5": 0.8447891935484183, "C3": 0.75, "C2": 0.5641025641025641, "C4": 0.8280585670705144, "C6": 0.405, "Final": 0.5561724357029239, "Rank": 13}, "badminton": {"C1": 0.4066334023961462, "C5": 0.75, "C3": 1.0, "C2": 0.646067415730337, "C4": 0.868138971180223, "C6": 0.5609999999999999, "Final": 0.5536922417785962, "Rank": 14}, "equestrian": {"C1": 0.4013000205220291, "C5": 0.75, "C3": 0.75, "C2": 0.901111761263897, "C4": 0.9967325820825841, "C6": 0.643, "Final": 0.5520681393041444, "Rank": 15}, "esports": {"C1": 0.32987808168250343, "C5": 1.0, "C3": 1.0, "C2": 0.6470697501625337, "C4": 0.9383148783941478, "C6": 0.6587, "Final": 0.5406689078129584, "Rank": 16}, "table tennis": {"C1": 0.43492597758348295, "C5": 0.75, "C3": 0.75, "C2": 0.646067415730337, "C4": 0.868138971180223, "C6": 0.5609999999999999, "Final": 0.5343004607188666, "Rank": 17}, "american football": {"C1": 0.6372736545573062, "C5": 1.0, "C3": 0.25, "C2": 0.2672064777327936, "C4": 0.6429726109244839, "C6": 0.3365, "Final": 0.5210321047176344, "Rank": 18}, "triathlon": {"C1": 0.3094885389753359, "C5": 0.8447891935484183, "C3": 0.75, "C2": 0.901111761263897, "C4": 0.9967325820825841, "C6": 0.643, "Final": 0.51499832661101, "Rank": 19}, "rowing": {"C1": 0.30740157737969814, "C5": 0.6320125519135693, "C3": 0.75, "C2": 0.9556509298998569, "C4": 1.0, "C6": 0.7050000000000001, "Final": 0.5016504871540097, "Rank": 20}, "judo": {"C1": 0.309874021832227, "C5": 0.6320125519135693, "C3": 1.0, "C2": 0.6470697501625337, "C4": 0.9383148783941478, "C6": 0.6587, "Final": 0.49904515226024415, "Rank": 21}, "ice hockey": {"C1": 0.48636424176406556, "C5": 0.75, "C3": 0.75, "C2": 0.2672064777327936, "C4": 0.6429726109244839, "C6": 0.3365, "Final": 0.498736844328193, "Rank": 22}, "artistic swimming": {"C1": 0.24850453588074317, "C5": 0.8447891935484183, "C3": 0.75, "C2": 0.9556509298998569, "C4": 1.0, "C6": 0.7050000000000001, "Final": 0.495784904710514, "Rank": 23}, "rugby union": {"C1": 0.5184844339397289, "C5": 0.75, "C3": 0.5, "C2": 0.2672064777327936, "C4": 0.6429726109244839, "C6": 0.3365, "Final": 0.47582032353781434, "Rank": 24}, "water polo": {"C1": 0.24533795426588142, "C5": 0.6026091626590825, "C3": 0.75, "C2": 0.9556509298998569, "C4": 1.0, "C6": 0.7050000000000001, "Final": 0.4717224438012151, "Rank": 25}, "sport climbing": {"C1": 0.2030115229849408, "C5": 0.8447891935484183, "C3": 0.75, "C2": 0.901111761263897, "C4": 0.9967325820825841, "C6": 0.643, "Final": 0.4695523650357805, "Rank": 26}, "archery": {"C1": 0.2787945462513155, "C5": 0.5, "C3": 1.0, "C2": 0.646067415730337, "C4": 0.868138971180223, "C6": 0.5609999999999999, "Final": 0.4692087758152901, "Rank": 27}, "diving": {"C1": 0.1816316599705004, "C5": 0.75, "C3": 0.75, "C2": 0.9556509298998569, "C4": 1.0, "C6": 0.7050000000000001, "Final": 0.46089914369843643, "Rank": 28}, "weightlifting": {"C1": 0.2670452978416279, "C5": 0.8447891935484183, "C3": 0.5, "C2": 0.901111761263897, "C4": 0.9967325820825841, "C6": 0.643, "Final": 0.46045050576797, "Rank": 29}, "mountain biking": {"C1": 0.18141379225670679, "C5": 0.8447891935484183, "C3": 0.75, "C2": 0.8712011577424024, "C4": 0.9729558793075354, "C6": 0.653, "Final": 0.45778535855403135, "Rank": 30}, "rhythmic gymnastics": {"C1": 0.27284213165809734, "C5": 0.75, "C3": 0.75, "C2": 0.6470697501625337, "C4": 0.9383148783941478, "C6": 0.6587, "Final": 0.45610688375893454, "Rank": 31}, "modern pentathlon": {"C1": 0.1267957199758854, "C5": 0.6026091626590825, "C3": 1.0, "C2": 0.901111761263897, "C4": 0.9967325820825841, "C6": 0.643, "Final": 0.4549552671399288, "Rank": 32}, "artistic gymnastics": {"C1": 0.2696173267372843, "C5": 0.7127394326953596, "C3": 0.75, "C2": 0.6470697501625337, "C4": 0.9383148783941478, "C6": 0.6587, "Final": 0.4504305806857647, "Rank": 33}, "handball": {"C1": 0.4606636413575146, "C5": 0.75, "C3": 0.5, "C2": 0.2672064777327936, "C4": 0.6429726109244839, "C6": 0.3365, "Final": 0.44616983781116376, "Rank": 34}, "road cycling": {"C1": 0.07226956588008557, "C5": 0.7127394326953596, "C3": 1.0, "C2": 0.8712011577424024, "C4": 0.9729558793075354, "C6": 0.653, "Final": 0.4444059367593221, "Rank": 35}, "canoe slalom": {"C1": 0.09656592318198087, "C5": 0.8447891935484183, "C3": 0.75, "C2": 0.9556509298998569, "C4": 1.0, "C6": 0.7050000000000001, "Final": 0.4415326571010654, "Rank": 36}, "canoe sprint": {"C1": 0.0802778172862619, "C5": 0.8447891935484183, "C3": 0.75, "C2": 0.9556509298998569, "C4": 1.0, "C6": 0.7050000000000001, "Final": 0.4367907598198909, "Rank": 37}, "ultimate frisbee": {"C1": 0.15859200953566446, "C5": 1.0, "C3": 1.0, "C2": 0.2672064777327936, "C4": 0.6429726109244839, "C6": 0.3365, "Final": 0.4309191590492918, "Rank": 38}, "fencing": {"C1": 0.21961812020008595, "C5": 0.75, "C3": 0.75, "C2": 0.646067415730337, "C4": 0.868138971180223, "C6": 0.5609999999999999, "Final": 0.42943128547246334, "Rank": 39}, "wrestling": {"C1": 0.45500269212015665, "C5": 0.0, "C3": 0.5, "C2": 0.6470697501625337, "C4": 0.9383148783941478, "C6": 0.6587, "Final": 0.4236034835210862, "Rank": 40}, "freestyle bmx": {"C1": 0.08109829720505668, "C5": 0.75, "C3": 0.75, "C2": 0.8712011577424024, "C4": 0.9729558793075354, "C6": 0.653, "Final": 0.41564332217516464, "Rank": 41}, "marathon swimming": {"C1": 0.06705994782628817, "C5": 0.6320125519135693, "C3": 0.75, "C2": 0.9556509298998569, "C4": 1.0, "C6": 0.7050000000000001, "Final": 0.41376091570558393, "Rank": 42}, "flag football": {"C1": 0.09546361622527758, "C5": 0.8222964009221556, "C3": 1.0, "C2": 0.2672064777327936, "C4": 0.6429726109244839, "C6": 0.3365, "Final": 0.39635039137493155, "Rank": 43}, "track cycling": {"C1": 0.0872413251636021, "C5": 0.8447891935484183, "C3": 0.5, "C2": 0.8712011577424024, "C4": 0.9729558793075354, "C6": 0.653, "Final": 0.39275100917934447, "Rank": 44},