{"shooting": {"C1": 0.5893664888286162, "C5": 0.8447891935484183, "C3": 0.75, "C2": 0.901111761263897, "C4": 0.9967325820825841, "C6": 0.643, "Final": 0.6720009135611361, "Rank": 1}, "cricket": {"C1": 0.6639796823210204, "C5": 0.6026091626590825, "C3": 0.75, "C2": 0.646067415730337, "C4": 0.868138971180223, "C6": 0.5609999999999999, "Final": 0.6508029086937455, "Rank": 2}, "swimming": {"C1": 0.6247004482086406, "C5": 0.75, "C3": 0.5, "C2": 0.9556509298998569, "C4": 1.0, "C6": 0.7050000000000001, "Final": 0.6447588807052158, "Rank": 3}, "football": {"C1": 1.0, "C5": 1.0, "C3": 0.25, "C2": 0.2672064777327936, "C4": 0.6429726109244839, "C6": 0.3365, "Final": 0.6352988226263669, "Rank": 4}, "basketball": {"C1": 0.7296651875248763, "C5": 1.0, "C3": 0.75, "C2": 0.2672064777327936, "C4": 0.6429726109244839, "C6": 0.3365, "Final": 0.6293715852017872, "Rank": 5}, "tennis": {"C1": 0.6999676633439874, "C5": 0.8222964009221556, "C3": 0.25, "C2": 0.646067415730337, "C4": 0.868138971180223, "C6": 0.5609999999999999, "Final": 0.5957489686422458, "Rank": 6}, "volleyball": {"C1": 0.672167556611704, "C5": 0.8447891935484183, "C3": 0.75, "C2": 0.2672064777327936, "C4": 0.6429726109244839, "C6": 0.3365, "Final": 0.5945152473293617, "Rank": 7}, "boxing": {"C1": 0.5764975598493854, "C5": 0.5, "C3": 0.75, "C2": 0.6470697501625337, "C4": 0.9383148783941478, "C6": 0.6587, "Final": 0.5909122153889351, "Rank": 8}, "athletics": {"C1": 0.405600478427006, "C5": 0.75, "C3": 1.0, "C2": 0.901111761263897, "C4": 0.9967325820825841, "C6": 0.643, "Final": 0.587945247357019, "Rank": 9}, "skateboarding": {"C1": 0.4558525027281284, "C5": 0.75, "C3": 0.75, "C2": 0.901111761263897, "C4": 0.9967325820825841, "C6": 0.643, "Final": 0.5845089427666423, "Rank": 10}, "baseball": {"C1": 0.5986011365032919, "C5": 0.8447891935484183, "C3": 0.75, "C2": 0.2672064777327936, "C4": 0.6429726109244839, "C6": 0.3365, "Final": 0.5612378524966045, "Rank": 11}, "surfing": {"C1": 0.4807378690844254, "C5": 0.8447891935484183, "C3": 0.75, "C2": 0.5641025641025641, "C4": 0.8280585670705144, "C6": 0.405, "Final": 0.5535330094621669, "Rank": 12}, "badminton": {"C1": 0.38470170778298557, "C5": 0.75, "C3": 1.0, "C2": 0.646067415730337, "C4": 0.868138971180223, "C6": 0.5609999999999999, "Final": 0.5454171449973028, "Rank": 13}, "table tennis": {"C1": 0.4467110911606854, "C5": 0.75, "C3": 0.75, "C2": 0.646067415730337, "C4": 0.868138971180223, "C6": 0.5609999999999999, "Final": 0.5427062359941864, "Rank": 14}, "esports": {"C1": 0.3165112764814322, "C5": 1.0, "C3": 1.0, "C2": 0.6470697501625337, "C4": 0.9383148783941478, "C6": 0.6587, "Final": 0.5382025736245489, "Rank": 15}, "equestrian": {"C1": 0.34947052720218924, "C5": 0.75, "C3": 0.75, "C2": 0.901111761263897, "C4": 0.9967325820825841, "C6": 0.643, "Final": 0.5285144945847736, "Rank": 16}, "golf": {"C1": 0.6375879131880394, "C5": 0.8447891935484183, "C3": 0.0, "C2": 0.646067415730337, "C4": 0.868138971180223, "C6": 0.5609999999999999, "Final": 0.523255791354156, "Rank": 17}, "american football": {"C1": 0.6440208145996127, "C5": 1.0, "C3": 0.25, "C2": 0.2672064777327936, "C4": 0.6429726109244839, "C6": 0.3365, "Final": 0.5216261153975943, "Rank": 18}, "judo": {"C1": 0.3464673722401457, "C5": 0.6320125519135693, "C3": 1.0, "C2": 0.6470697501625337, "C4": 0.9383148783941478, "C6": 0.6587, "Final": 0.5189395443677733, "Rank": 19}, "artistic swimming": {"C1": 0.255634703507971, "C5": 0.8447891935484183, "C3": 0.75, "C2": 0.9556509298998569, "C4": 1.0, "C6": 0.7050000000000001, "Final": 0.5026747029931861, "Rank": 20}, "triathlon": {"C1": 0.27358936347625123, "C5": 0.8447891935484183, "C3": 0.75, "C2": 0.901111761263897, "C4": 0.9967325820825841, "C6": 0.643, "Final": 0.5024533220298036, "Rank": 21}, "rowing": {"C1": 0.2674868737454076, "C5": 0.6320125519135693, "C3": 0.75, "C2": 0.9556509298998569, "C4": 1.0, "C6": 0.7050000000000001, "Final": 0.48745299254441726, "Rank": 22}, "sport climbing": {"C1": 0.226125235415148, "C5": 0.8447891935484183, "C3": 0.75, "C2": 0.901111761263897, "C4": 0.9967325820825841, "C6": 0.643, "Final": 0.4826457210433994, "Rank": 23}, "ice hockey": {"C1": 0.4518908363673247, "C5": 0.75, "C3": 0.75, "C2": 0.2672064777327936, "C4": 0.6429726109244839, "C6": 0.3365, "Final": 0.4822957663040293, "Rank": 24}, "artistic gymnastics": {"C1": 0.31610960253597825, "C5": 0.7127394326953596, "C3": 0.75, "C2": 0.6470697501625337, "C4": 0.9383148783941478, "C6": 0.6587, "Final": 0.4748566835297982, "Rank": 25}, "weightlifting": {"C1": 0.2916623599051442, "C5": 0.8447891935484183, "C3": 0.5, "C2": 0.901111761263897, "C4": 0.9967325820825841, "C6": 0.643, "Final": 0.4742151687867834, "Rank": 26}, "wrestling": {"C1": 0.5351750859083415, "C5": 0.0, "C3": 0.5, "C2": 0.6470697501625337, "C4": 0.9383148783941478, "C6": 0.6587, "Final": 0.46438451065605924, "Rank": 27}, "modern pentathlon": {"C1": 0.13545855121255745, "C5": 0.6026091626590825, "C3": 1.0, "C2": 0.901111761263897, "C4": 0.9967325820825841, "C6": 0.643, "Final": 0.46201870563988684, "Rank": 28}, "archery": {"C1": 0.25126707116887137, "C5": 0.5, "C3": 1.0, "C2": 0.646067415730337, "C4": 0.868138971180223, "C6": 0.5609999999999999, "Final": 0.4610823336206735, "Rank": 29}, "canoe sprint": {"C1": 0.13983314369063238, "C5": 0.8447891935484183, "C3": 0.75, "C2": 0.9556509298998569, "C4": 1.0, "C6": 0.7050000000000001, "Final": 0.45947192393805103, "Rank": 30}, "rhythmic gymnastics": {"C1": 0.27082554080819593, "C5": 0.75, "C3": 0.75, "C2": 0.6470697501625337, "C4": 0.9383148783941478, "C6": 0.6587, "Final": 0.4584049859424648, "Rank": 31}, "diving": {"C1": 0.1624376847280922, "C5": 0.75, "C3": 0.75, "C2": 0.9556509298998569, "C4": 1.0, "C6": 0.7050000000000001, "Final": 0.45824237490641306, "Rank": 32}, "canoe slalom": {"C1": 0.11102410888495642, "C5": 0.8447891935484183, "C3": 0.75, "C2": 0.9556509298998569, "C4": 1.0, "C6": 0.7050000000000001, "Final": 0.4503204341557502, "Rank": 33}, "water polo": {"C1": 0.17434806001660963, "C5": 0.6026091626590825, "C3": 0.75, "C2": 0.9556509298998569, "C4": 1.0, "C6": 0.7050000000000001, "Final": 0.4484369052095092, "Rank": 34}, "marathon swimming": {"C1": 0.13962611145323822, "C5": 0.6320125519135693, "C3": 0.75, "C2": 0.9556509298998569, "C4": 1.0, "C6": 0.7050000000000001, "Final": 0.4394763564175148, "Rank": 35}, "mountain biking": {"C1": 0.11420938128350669, "C5": 0.8447891935484183, "C3": 0.75, "C2": 0.8712011577424024, "C4": 0.9729558793075354, "C6": 0.653, "Final": 0.4392546282389748, "Rank": 36}, "road cycling": {"C1": 0.03021160116643305, "C5": 0.7127394326953596, "C3": 1.0, "C2": 0.8712011577424024, "C4": 0.9729558793075354, "C6": 0.653, "Final": 0.4378583791902026, "Rank": 37}, "rugby union": {"C1": 0.4319722413123974, "C5": 0.75, "C3": 0.5, "C2": 0.2672064777327936, "C4": 0.6429726109244839, "C6": 0.3365, "Final": 0.43124618388817554, "Rank": 38}, "ultimate frisbee": {"C1": 0.13876574764701755, "C5": 1.0, "C3": 1.0, "C2": 0.2672064777327936, "C4": 0.6429726109244839, "C6": 0.3365, "Final": 0.4287468675022829, "Rank": 39}, "fencing": {"C1": 0.20878073573434858, "C5": 0.75, "C3": 0.75, "C2": 0.646067415730337, "C4": 0.868138971180223, "C6": 0.5609999999999999, "Final": 0.42863038188539665, "Rank": 40}, "handball": {"C1": 0.4230209612220349, "C5": 0.75, "C3": 0.5, "C2": 0.2672064777327936, "C4": 0.6429726109244839, "C6": 0.3365, "Final": 0.42681270541864896, "Rank": 41}, "freestyle bmx": {"C1": 0.08066245557163526, "C5": 0.75, "C3": 0.75, "C2": 0.8712011577424024, "C4": 0.9729558793075354, "C6": 0.653, "Final": 0.4198557888101383, "Rank": 42}, "track cycling": {"C1": 0.14005839394454508, "C5": 0.8447891935484183, "C3": 0.5, "C2": 0.8712011577424024, "C4": 0.9729558793075354, "C6": 0.653, "Final": 0.4123211468282387, "Rank": 43}, "flag football": {"C1": 0.1021998069041185, "C5": 0.8222964009221556, "C3": 1.0, "C2": 0.2672064777327936, "C4": 0.6429726109244839, "C6": 0.3365, "Final": 0.4014783876327655, "Rank": 44}, "bmx racing": {"C1": 0.06483051730772625,