{"shooting": {"C1": 0.640116861944253, "C5": 0.8447891935484183, "C3": 0.75, "C2": 0.901111761263897, "C4": 0.9967325820825841, "C6": 0.643, "Final": 0.7782652021434372, "Rank": 1}, "swimming": {"C1": 0.72130594694956, "C5": 0.75, "C3": 0.5, "C2": 0.9556509298998569, "C4": 1.0, "C6": 0.7050000000000001, "Final": 0.743055142613304, "Rank": 2}, "cricket": {"C1": 0.6976724748428645, "C5": 0.6026091626590825, "C3": 0.75, "C2": 0.646067415730337, "C4": 0.868138971180223, "C6": 0.5609999999999999, "Final": 0.7196891752364336, "Rank": 3}, "boxing": {"C1": 0.6753695683023531, "C5": 0.5, "C3": 0.75, "C2": 0.6470697501625337, "C4": 0.9383148783941478, "C6": 0.6587, "Final": 0.6954565288107183, "Rank": 4}, "athletics": {"C1": 0.4720943374668646, "C5": 0.75, "C3": 1.0, "C2": 0.901111761263897, "C4": 0.9967325820825841, "C6": 0.643, "Final": 0.6916822130871229, "Rank": 5}, "volleyball": {"C1": 0.744303448741644, "C5": 0.8447891935484183, "C3": 0.75, "C2": 0.2672064777327936, "C4": 0.6429726109244839, "C6": 0.3365, "Final": 0.6506074741808507, "Rank": 6}, "equestrian": {"C1": 0.45694044844886694, "C5": 0.75, "C3": 0.75, "C2": 0.901111761263897, "C4": 0.9967325820825841, "C6": 0.643, "Final": 0.6500730787136251, "Rank": 7}, "table tennis": {"C1": 0.5234958057852069, "C5": 0.75, "C3": 0.75, "C2": 0.646067415730337, "C4": 0.868138971180223, "C6": 0.5609999999999999, "Final": 0.6473122390077212, "Rank": 8}, "skateboarding": {"C1": 0.4439106869129863, "C5": 0.75, "C3": 0.75, "C2": 0.901111761263897, "C4": 0.9967325820825841, "C6": 0.643, "Final": 0.6420307590513221, "Rank": 9}, "basketball": {"C1": 0.6815650500080841, "C5": 1.0, "C3": 0.75, "C2": 0.2672064777327936, "C4": 0.6429726109244839, "C6": 0.3365, "Final": 0.6412892738448936, "Rank": 10}, "esports": {"C1": 0.40553283534886525, "C5": 1.0, "C3": 1.0, "C2": 0.6470697501625337, "C4": 0.9383148783941478, "C6": 0.6587, "Final": 0.6394291587714057, "Rank": 11}, "tennis": {"C1": 0.7267604981429592, "C5": 0.8222964009221556, "C3": 0.25, "C2": 0.646067415730337, "C4": 0.868138971180223, "C6": 0.5609999999999999, "Final": 0.6376451353883099, "Rank": 12}, "baseball": {"C1": 0.6844008460781392, "C5": 0.8447891935484183, "C3": 0.75, "C2": 0.2672064777327936, "C4": 0.6429726109244839, "C6": 0.3365, "Final": 0.6312023353224459, "Rank": 13}, "football": {"C1": 0.8557655191749582, "C5": 1.0, "C3": 0.25, "C2": 0.2672064777327936, "C4": 0.6429726109244839, "C6": 0.3365, "Final": 0.6099681173739482, "Rank": 14}, "badminton": {"C1": 0.3969706856378201, "C5": 0.75, "C3": 1.0, "C2": 0.646067415730337, "C4": 0.868138971180223, "C6": 0.5609999999999999, "Final": 0.6090245176034931, "Rank": 15}, "artistic swimming": {"C1": 0.3333273733813616, "C5": 0.8447891935484183, "C3": 0.75, "C2": 0.9556509298998569, "C4": 1.0, "C6": 0.7050000000000001, "Final": 0.5946823624068364, "Rank": 16}, "golf": {"C1": 0.7325297630300868, "C5": 0.8447891935484183, "C3": 0.0, "C2": 0.646067415730337, "C4": 0.868138971180223, "C6": 0.5609999999999999, "Final": 0.5847913382485017, "Rank": 17}, "archery": {"C1": 0.3988804415887791, "C5": 0.5, "C3": 1.0, "C2": 0.646067415730337, "C4": 0.868138971180223, "C6": 0.5609999999999999, "Final": 0.5798277947308661, "Rank": 18}, "triathlon": {"C1": 0.3046582267882867, "C5": 0.8447891935484183, "C3": 0.75, "C2": 0.901111761263897, "C4": 0.9967325820825841, "C6": 0.643, "Final": 0.5717861410789662, "Rank": 19}, "weightlifting": {"C1": 0.3811242237883926, "C5": 0.8447891935484183, "C3": 0.5, "C2": 0.901111761263897, "C4": 0.9967325820825841, "C6": 0.643, "Final": 0.569560126443602, "Rank": 20}, "judo": {"C1": 0.33726884249987943, "C5": 0.6320125519135693, "C3": 1.0, "C2": 0.6470697501625337, "C4": 0.9383148783941478, "C6": 0.6587, "Final": 0.5675719011662029, "Rank": 21}, "surfing": {"C1": 0.3977396283642515, "C5": 0.8447891935484183, "C3": 0.75, "C2": 0.5641025641025641, "C4": 0.8280585670705144, "C6": 0.405, "Final": 0.5624703852131032, "Rank": 22}, "american football": {"C1": 0.6679428550911386, "C5": 1.0, "C3": 0.25, "C2": 0.2672064777327936, "C4": 0.6429726109244839, "C6": 0.3365, "Final": 0.5563347048101608, "Rank": 23}, "rowing": {"C1": 0.2991008175308019, "C5": 0.6320125519135693, "C3": 0.75, "C2": 0.9556509298998569, "C4": 1.0, "C6": 0.7050000000000001, "Final": 0.5539410696608134, "Rank": 24}, "artistic gymnastics": {"C1": 0.3480809995163684, "C5": 0.7127394326953596, "C3": 0.75, "C2": 0.6470697501625337, "C4": 0.9383148783941478, "C6": 0.6587, "Final": 0.5438968295985824, "Rank": 25}, "road cycling": {"C1": 0.20837069021119609, "C5": 0.7127394326953596, "C3": 1.0, "C2": 0.8712011577424024, "C4": 0.9729558793075354, "C6": 0.653, "Final": 0.5425092972948792, "Rank": 26}, "ice hockey": {"C1": 0.49498636869376533, "C5": 0.75, "C3": 0.75, "C2": 0.2672064777327936, "C4": 0.6429726109244839, "C6": 0.3365, "Final": 0.5425079834560961, "Rank": 27}, "diving": {"C1": 0.23402922476299887, "C5": 0.75, "C3": 0.75, "C2": 0.9556509298998569, "C4": 1.0, "C6": 0.7050000000000001, "Final": 0.5348449656173674, "Rank": 28}, "sport climbing": {"C1": 0.16631352310453637, "C5": 0.8447891935484183, "C3": 0.75, "C2": 0.901111761263897, "C4": 0.9967325820825841, "C6": 0.643, "Final": 0.5061516790042662, "Rank": 29}, "modern pentathlon": {"C1": 0.1355396255580991, "C5": 0.6026091626590825, "C3": 1.0, "C2": 0.901111761263897, "C4": 0.9967325820825841, "C6": 0.643, "Final": 0.505435687124185, "Rank": 30}, "rugby union": {"C1": 0.4935054196770915, "C5": 0.75, "C3": 0.5, "C2": 0.2672064777327936, "C4": 0.6429726109244839, "C6": 0.3365, "Final": 0.4984811162357529, "Rank": 31}, "water polo": {"C1": 0.18084789555406558, "C5": 0.6026091626590825, "C3": 0.75, "C2": 0.9556509298998569, "C4": 1.0, "C6": 0.7050000000000001, "Final": 0.4956044804838454, "Rank": 32}, "mountain biking": {"C1": 0.14618611591615732, "C5": 0.8447891935484183, "C3": 0.75, "C2": 0.8712011577424024, "C4": 0.9729558793075354, "C6": 0.653, "Final": 0.4941480976137599, "Rank": 33}, "rhythmic gymnastics": {"C1": 0.23734912251497278, "C5": 0.75, "C3": 0.75, "C2": 0.6470697501625337, "C4": 0.9383148783941478, "C6": 0.6587, "Final": 0.49125699134116635, "Rank": 34}, "fencing": {"C1": 0.2433133960702967, "C5": 0.75, "C3": 0.75, "C2": 0.646067415730337, "C4": 0.868138971180223, "C6": 0.5609999999999999, "Final": 0.4896844466678365, "Rank": 35}, "wrestling": {"C1": 0.5129542867115366, "C5": 0.0, "C3": 0.5, "C2": 0.6470697501625337, "C4": 0.9383148783941478, "C6": 0.6587, "Final": 0.48771873744917105, "Rank": 36}, "sailing": {"C1": 0.294303758018782, "C5": 0.6026091626590825, "C3": 0.75, "C2": 0.5641025641025641, "C4": 0.8280585670705144, "C6": 0.405, "Final": 0.4765084064521689, "Rank": 37}, "canoe sprint": {"C1": 0.06287993139194546, "C5": 0.8447891935484183, "C3": 0.75, "C2": 0.9556509298998569, "C4": 1.0, "C6": 0.7050000000000001, "Final": 0.47633364187234695, "Rank": 38}, "canoe slalom": {"C1": 0.06276474482173273, "C5": 0.8447891935484183, "C3": 0.75, "C2": 0.9556509298998569, "C4": 1.0, "C6": 0.7050000000000001, "Final": 0.4762961428090433, "Rank": 39}, "ultimate frisbee": {"C1": 0.1671252969751277, "C5": 1.0, "C3": 1.0, "C2": 0.2672064777327936, "C4": 0.6429726109244839, "C6": 0.3365, "Final": 0.47178030037631835, "Rank": 40}, "taekwondo": {"C1": 0.41226352371127517, "C5": 0.25, "C3": 0.5, "C2": 0.6470697501625337, "C4": 0.9383148783941478, "C6": 0.6587, "Final": 0.4654091414973293, "Rank": 41}, "freestyle bmx": {"C1": 0.09305581577116287, "C5": 0.75, "C3": 0.75, "C2": 0.8712011577424024, "C4": 0.9729558793075354, "C6": 0.653, "Final": 0.46412294936415305, "Rank": 42}, "marathon swimming": {"C1": 0.06269139148062423, "C5": 0.6320125519135693, "C3": 0.75, "C2": 0.9556509298998569, "C4": 1.0, "C6": 0.7050000000000001, "Final": 0.4553071155813219, "Rank": 43}, "handball": {"C1": 0.3805953793329973, "C5": 0.75, "C3": 0.5, "C2": 0.2672064777327936, "C4": 0.6429726109244839, "C6": 0.3365, "Final": 0.4424503562816771, "Rank": 44}, "flag football": {"C1": 0.11293865377917658,