{"artistic swimming": {"C1": 0.49692596748241863, "C5": 0.8447891935484183, "C3": 0.75, "C2": 0.9556509298998569, "C4": 1.0, "C6": 0.7050000000000001, "Final": 0.8184656441629958, "Rank": 1}, "skateboarding": {"C1": 0.5428923525190812, "C5": 0.75, "C3": 0.75, "C2": 0.901111761263897, "C4": 0.9967325820825841, "C6": 0.643, "Final": 0.80934578557069, "Rank": 2}, "triathlon": {"C1": 0.4688773147266823, "C5": 0.8447891935484183, "C3": 0.75, "C2": 0.901111761263897, "C4": 0.9967325820825841, "C6": 0.643, "Final": 0.7971904490154482, "Rank": 3}, "shooting": {"C1": 0.4576775295542487, "C5": 0.8447891935484183, "C3": 0.75, "C2": 0.901111761263897, "C4": 0.9967325820825841, "C6": 0.643, "Final": 0.7912364283785945, "Rank": 4}, "rowing": {"C1": 0.5444581800826656, "C5": 0.6320125519135693, "C3": 0.75, "C2": 0.9556509298998569, "C4": 1.0, "C6": 0.7050000000000001, "Final": 0.7850349498706556, "Rank": 5}, "sport climbing": {"C1": 0.443809828493976, "C5": 0.8447891935484183, "C3": 0.75, "C2": 0.901111761263897, "C4": 0.9967325820825841, "C6": 0.643, "Final": 0.7836383881263255, "Rank": 6}, "judo": {"C1": 0.5173937275853167, "C5": 0.6320125519135693, "C3": 1.0, "C2": 0.6470697501625337, "C4": 0.9383148783941478, "C6": 0.6587, "Final": 0.7518123944829079, "Rank": 7}, "rhythmic gymnastics": {"C1": 0.5916981541847453, "C5": 0.75, "C3": 0.75, "C2": 0.6470697501625337, "C4": 0.9383148783941478, "C6": 0.6587, "Final": 0.7512342718739419, "Rank": 8}, "artistic gymnastics": {"C1": 0.5956674182547714, "C5": 0.7127394326953596, "C3": 0.75, "C2": 0.6470697501625337, "C4": 0.9383148783941478, "C6": 0.6587, "Final": 0.7446609161183564, "Rank": 9}, "table tennis": {"C1": 0.544275383070599, "C5": 0.75, "C3": 0.75, "C2": 0.646067415730337, "C4": 0.868138971180223, "C6": 0.5609999999999999, "Final": 0.7330789520115164, "Rank": 10}, "weightlifting": {"C1": 0.5628675158433454, "C5": 0.8447891935484183, "C3": 0.5, "C2": 0.901111761263897, "C4": 0.9967325820825841, "C6": 0.643, "Final": 0.7327306900243611, "Rank": 11}, "swimming": {"C1": 0.5384965986295335, "C5": 0.75, "C3": 0.5, "C2": 0.9556509298998569, "C4": 1.0, "C6": 0.7050000000000001, "Final": 0.7199814887752995, "Rank": 12}, "archery": {"C1": 0.5263819238332068, "C5": 0.5, "C3": 1.0, "C2": 0.646067415730337, "C4": 0.868138971180223, "C6": 0.5609999999999999, "Final": 0.7159424322742352, "Rank": 13}, "modern pentathlon": {"C1": 0.28518400745116546, "C5": 0.6026091626590825, "C3": 1.0, "C2": 0.901111761263897, "C4": 0.9967325820825841, "C6": 0.643, "Final": 0.6929598689213335, "Rank": 14}, "boxing": {"C1": 0.5228506300538879, "C5": 0.5, "C3": 0.75, "C2": 0.6470697501625337, "C4": 0.9383148783941478, "C6": 0.6587, "Final": 0.6772259181667047, "Rank": 15}, "cricket": {"C1": 0.4635216897691919, "C5": 0.6026091626590825, "C3": 0.75, "C2": 0.646067415730337, "C4": 0.868138971180223, "C6": 0.5609999999999999, "Final": 0.6739629899855208, "Rank": 16}, "athletics": {"C1": 0.15588291867207935, "C5": 0.75, "C3": 1.0, "C2": 0.901111761263897, "C4": 0.9967325820825841, "C6": 0.643, "Final": 0.6482829032112537, "Rank": 17}, "canoe sprint": {"C1": 0.19244577315613715, "C5": 0.8447891935484183, "C3": 0.75, "C2": 0.9556509298998569, "C4": 1.0, "C6": 0.7050000000000001, "Final": 0.6475629941744504, "Rank": 18}, "mountain biking": {"C1": 0.204382019894313, "C5": 0.8447891935484183, "C3": 0.75, "C2": 0.8712011577424024, "C4": 0.9729558793075354, "C6": 0.653, "Final": 0.6413052752359805, "Rank": 19}, "esports": {"C1": 0.15169690495514745, "C5": 1.0, "C3": 1.0, "C2": 0.6470697501625337, "C4": 0.9383148783941478, "C6": 0.6587, "Final": 0.6322258579813661, "Rank": 20}, "canoe slalom": {"C1": 0.15986322018341803, "C5": 0.8447891935484183, "C3": 0.75, "C2": 0.9556509298998569, "C4": 1.0, "C6": 0.7050000000000001, "Final": 0.6310468057964269, "Rank": 21}, "water polo": {"C1": 0.22993338770447913, "C5": 0.6026091626590825, "C3": 0.75, "C2": 0.9556509298998569, "C4": 1.0, "C6": 0.7050000000000001, "Final": 0.6308973369681435, "Rank": 22}, "road cycling": {"C1": 0.11533627247990343, "C5": 0.7127394326953596, "C3": 1.0, "C2": 0.8712011577424024, "C4": 0.9729558793075354, "C6": 0.653, "Final": 0.6206314055808252, "Rank": 23}, "badminton": {"C1": 0.17517106446739164, "C5": 0.75, "C3": 1.0, "C2": 0.646067415730337, "C4": 0.868138971180223, "C6": 0.5609999999999999, "Final": 0.6114126270907676, "Rank": 24}, "volleyball": {"C1": 0.5638453983113831, "C5": 0.8447891935484183, "C3": 0.75, "C2": 0.2672064777327936, "C4": 0.6429726109244839, "C6": 0.3365, "Final": 0.607662044959286, "Rank": 25}, "tennis": {"C1": 0.6158502055488905, "C5": 0.8222964009221556, "C3": 0.25, "C2": 0.646067415730337, "C4": 0.868138971180223, "C6": 0.5609999999999999, "Final": 0.6053676245979009, "Rank": 26}, "equestrian": {"C1": 0.14660951004287784, "C5": 0.75, "C3": 0.75, "C2": 0.901111761263897, "C4": 0.9967325820825841, "C6": 0.643, "Final": 0.6035417744421269, "Rank": 27}, "marathon swimming": {"C1": 0.15980914684331987, "C5": 0.6320125519135693, "C3": 0.75, "C2": 0.9556509298998569, "C4": 1.0, "C6": 0.7050000000000001, "Final": 0.6018517877690268, "Rank": 28}, "basketball": {"C1": 0.4516478985003222, "C5": 1.0, "C3": 0.75, "C2": 0.2672064777327936, "C4": 0.6429726109244839, "C6": 0.3365, "Final": 0.5947723292126411, "Rank": 29}, "baseball": {"C1": 0.49852739452246797, "C5": 0.8447891935484183, "C3": 0.75, "C2": 0.2672064777327936, "C4": 0.6429726109244839, "C6": 0.3365, "Final": 0.5913257100824376, "Rank": 30}, "freestyle bmx": {"C1": 0.1283233942866393, "C5": 0.75, "C3": 0.75, "C2": 0.8712011577424024, "C4": 0.9729558793075354, "C6": 0.653, "Final": 0.5905008917241708, "Rank": 31}, "bmx racing": {"C1": 0.1984794482929056, "C5": 0.8447891935484183, "C3": 0.5, "C2": 0.8712011577424024, "C4": 0.9729558793075354, "C6": 0.653, "Final": 0.5779708760904734, "Rank": 32}, "taekwondo": {"C1": 0.5936428476626843, "C5": 0.25, "C3": 0.5, "C2": 0.6470697501625337, "C4": 0.9383148783941478, "C6": 0.6587, "Final": 0.5774528202712466, "Rank": 33}, "diving": {"C1": 0.055056712526124756, "C5": 0.75, "C3": 0.75, "C2": 0.9556509298998569, "C4": 1.0, "C6": 0.7050000000000001, "Final": 0.5724124296907795, "Rank": 34}, "surfing": {"C1": 0.17573790029155434, "C5": 0.8447891935484183, "C3": 0.75, "C2": 0.5641025641025641, "C4": 0.8280585670705144, "C6": 0.405, "Final": 0.5520633476276179, "Rank": 35}, "track cycling": {"C1": 0.10973961417819496, "C5": 0.8447891935484183, "C3": 0.5, "C2": 0.8712011577424024, "C4": 0.9729558793075354, "C6": 0.653, "Final": 0.5404257924636873, "Rank": 36}, "breaking": {"C1": 0.33780284330303206, "C5": 0.5, "C3": 0.5, "C2": 0.6470697501625337, "C4": 0.9383148783941478, "C6": 0.6587, "Final": 0.5307660888927579, "Rank": 37}, "football": {"C1": 0.5800619703363323, "C5": 1.0, "C3": 0.25, "C2": 0.2672064777327936, "C4": 0.6429726109244839, "C6": 0.3365, "Final": 0.5301203578667606, "Rank": 38}, "flag football": {"C1": 0.12925313322564508, "C5": 0.8222964009221556, "C3": 1.0, "C2": 0.2672064777327936, "C4": 0.6429726109244839, "C6": 0.3365, "Final": 0.5168757133399892, "Rank": 39}, "fencing": {"C1": 0.06190065644255066, "C5": 0.75, "C3": 0.75, "C2": 0.646067415730337, "C4": 0.868138971180223, "C6": 0.5609999999999999, "Final": 0.5163851228225264, "Rank": 40}, "golf": {"C1": 0.48226808544486366, "C5": 0.8447891935484183, "C3": 0.0, "C2": 0.646067415730337, "C4": 0.868138971180223, "C6": 0.5609999999999999, "Final": 0.5086140481713308, "Rank": 41}, "ultimate frisbee": {"C1": 0.018017660004533646, "C5": 1.0, "C3": 1.0, "C2": 0.2672064777327936, "C4": 0.6429726109244839, "C6": 0.3365, "Final": 0.5067426411040248, "Rank": 42}, "sailing": {"C1": 0.15759520104214342, "C5": 0.6026091626590825, "C3": 0.75, "C2": 0.5641025641025641, "C4": 0.8280585670705144, "C6": 0.405, "Final": 0.5043909195729984, "Rank": 43}, "ice hockey": {"C1": 0.24854135277371783, "C5": 0.75, "C3": 0.75, "C2": 0.2672064777327936, "C4": 0.6429726109244839, "C6": 0.3365, "Final": 0.4957337708068194, "Rank": 44},