{"shooting": {"C1": 0.6280013238489506, "C5": 0.8447891935484183, "C3": 0.75, "C2": 0.901111761263897, "C4": 0.9967325820825841, "C6": 0.643, "Final": 0.7680649339367074, "Rank": 1}, "swimming": {"C1": 0.7216071279261469, "C5": 0.75, "C3": 0.5, "C2": 0.9556509298998569, "C4": 1.0, "C6": 0.7050000000000001, "Final": 0.7369903825678251, "Rank": 2}, "cricket": {"C1": 0.6844815325958952, "C5": 0.6026091626590825, "C3": 0.75, "C2": 0.646067415730337, "C4": 0.868138971180223, "C6": 0.5609999999999999, "Final": 0.7066260547748083, "Rank": 3}, "badminton": {"C1": 0.5546766437294617, "C5": 0.75, "C3": 1.0, "C2": 0.646067415730337, "C4": 0.868138971180223, "C6": 0.5609999999999999, "Final": 0.696774269693638, "Rank": 4}, "athletics": {"C1": 0.4632511891296676, "C5": 0.75, "C3": 1.0, "C2": 0.901111761263897, "C4": 0.9967325820825841, "C6": 0.643, "Final": 0.6859665953247921, "Rank": 5}, "boxing": {"C1": 0.6216442949879734, "C5": 0.5, "C3": 0.75, "C2": 0.6470697501625337, "C4": 0.9383148783941478, "C6": 0.6587, "Final": 0.6620485783692428, "Rank": 6}, "volleyball": {"C1": 0.7252230442120116, "C5": 0.8447891935484183, "C3": 0.75, "C2": 0.2672064777327936, "C4": 0.6429726109244839, "C6": 0.3365, "Final": 0.635824941476321, "Rank": 7}, "esports": {"C1": 0.39701944881506424, "C5": 1.0, "C3": 1.0, "C2": 0.6470697501625337, "C4": 0.9383148783941478, "C6": 0.6587, "Final": 0.6346721195475798, "Rank": 8}, "basketball": {"C1": 0.6671721510657046, "C5": 1.0, "C3": 0.75, "C2": 0.2672064777327936, "C4": 0.6429726109244839, "C6": 0.3365, "Final": 0.6285153457689066, "Rank": 9}, "table tennis": {"C1": 0.49179667958429385, "C5": 0.75, "C3": 0.75, "C2": 0.646067415730337, "C4": 0.868138971180223, "C6": 0.5609999999999999, "Final": 0.6238420245203814, "Rank": 10}, "tennis": {"C1": 0.7095790978320999, "C5": 0.8222964009221556, "C3": 0.25, "C2": 0.646067415730337, "C4": 0.868138971180223, "C6": 0.5609999999999999, "Final": 0.6211855059577108, "Rank": 11}, "baseball": {"C1": 0.6708107667259657, "C5": 0.8447891935484183, "C3": 0.75, "C2": 0.2672064777327936, "C4": 0.6429726109244839, "C6": 0.3365, "Final": 0.6176371857159038, "Rank": 12}, "equestrian": {"C1": 0.397785902735459, "C5": 0.75, "C3": 0.75, "C2": 0.901111761263897, "C4": 0.9967325820825841, "C6": 0.643, "Final": 0.613132797471003, "Rank": 13}, "skateboarding": {"C1": 0.37998064773525864, "C5": 0.75, "C3": 0.75, "C2": 0.901111761263897, "C4": 0.9967325820825841, "C6": 0.643, "Final": 0.6029277270770993, "Rank": 14}, "football": {"C1": 0.8543716826156976, "C5": 1.0, "C3": 0.25, "C2": 0.2672064777327936, "C4": 0.6429726109244839, "C6": 0.3365, "Final": 0.5987477880793186, "Rank": 15}, "surfing": {"C1": 0.46922137814731474, "C5": 0.8447891935484183, "C3": 0.75, "C2": 0.5641025641025641, "C4": 0.8280585670705144, "C6": 0.405, "Final": 0.5978067687152351, "Rank": 16}, "golf": {"C1": 0.7166118302507238, "C5": 0.8447891935484183, "C3": 0.0, "C2": 0.646067415730337, "C4": 0.868138971180223, "C6": 0.5609999999999999, "Final": 0.5684052277574818, "Rank": 17}, "artistic swimming": {"C1": 0.23975866412534358, "C5": 0.8447891935484183, "C3": 0.75, "C2": 0.9556509298998569, "C4": 1.0, "C6": 0.7050000000000001, "Final": 0.5490092450292139, "Rank": 18}, "american football": {"C1": 0.6525334504965801, "C5": 1.0, "C3": 0.25, "C2": 0.2672064777327936, "C4": 0.6429726109244839, "C6": 0.3365, "Final": 0.5399214048055228, "Rank": 19}, "rhythmic gymnastics": {"C1": 0.3308087498182766, "C5": 0.75, "C3": 0.75, "C2": 0.6470697501625337, "C4": 0.9383148783941478, "C6": 0.6587, "Final": 0.5372500209025359, "Rank": 20}, "archery": {"C1": 0.31728424423023005, "C5": 0.5, "C3": 1.0, "C2": 0.646067415730337, "C4": 0.868138971180223, "C6": 0.5609999999999999, "Final": 0.5368547464181052, "Rank": 21}, "rowing": {"C1": 0.25917434517862936, "C5": 0.6320125519135693, "C3": 0.75, "C2": 0.9556509298998569, "C4": 1.0, "C6": 0.7050000000000001, "Final": 0.5349744562754812, "Rank": 22}, "triathlon": {"C1": 0.22656495049896816, "C5": 0.8447891935484183, "C3": 0.75, "C2": 0.901111761263897, "C4": 0.9967325820825841, "C6": 0.643, "Final": 0.5347495995887559, "Rank": 23}, "diving": {"C1": 0.2248842228982699, "C5": 0.75, "C3": 0.75, "C2": 0.9556509298998569, "C4": 1.0, "C6": 0.7050000000000001, "Final": 0.5325254989220931, "Rank": 24}, "judo": {"C1": 0.2653352675225109, "C5": 0.6320125519135693, "C3": 1.0, "C2": 0.6470697501625337, "C4": 0.9383148783941478, "C6": 0.6587, "Final": 0.5325002991458369, "Rank": 25}, "ice hockey": {"C1": 0.48691535334535424, "C5": 0.75, "C3": 0.75, "C2": 0.2672064777327936, "C4": 0.6429726109244839, "C6": 0.3365, "Final": 0.5312186967069746, "Rank": 26}, "weightlifting": {"C1": 0.29696651710857225, "C5": 0.8447891935484183, "C3": 0.5, "C2": 0.901111761263897, "C4": 0.9967325820825841, "C6": 0.643, "Final": 0.5248488661699923, "Rank": 27}, "modern pentathlon": {"C1": 0.1604467073894974, "C5": 0.6026091626590825, "C3": 1.0, "C2": 0.901111761263897, "C4": 0.9967325820825841, "C6": 0.643, "Final": 0.5183297568431882, "Rank": 28}, "sport climbing": {"C1": 0.18266055009893317, "C5": 0.8447891935484183, "C3": 0.75, "C2": 0.901111761263897, "C4": 0.9967325820825841, "C6": 0.643, "Final": 0.5157923787998242, "Rank": 29}, "road cycling": {"C1": 0.0945407299218679, "C5": 0.7127394326953596, "C3": 1.0, "C2": 0.8712011577424024, "C4": 0.9729558793075354, "C6": 0.653, "Final": 0.5017159755023293, "Rank": 30}, "water polo": {"C1": 0.18316453445236752, "C5": 0.6026091626590825, "C3": 0.75, "C2": 0.9556509298998569, "C4": 1.0, "C6": 0.7050000000000001, "Final": 0.4987797255567759, "Rank": 31}, "artistic gymnastics": {"C1": 0.263609871206943, "C5": 0.7127394326953596, "C3": 0.75, "C2": 0.6470697501625337, "C4": 0.9383148783941478, "C6": 0.6587, "Final": 0.49870774998813316, "Rank": 32}, "fencing": {"C1": 0.2469114495219143, "C5": 0.75, "C3": 0.75, "C2": 0.646067415730337, "C4": 0.868138971180223, "C6": 0.5609999999999999, "Final": 0.4911685343980167, "Rank": 33}, "freestyle bmx": {"C1": 0.151496707565016, "C5": 0.75, "C3": 0.75, "C2": 0.8712011577424024, "C4": 0.9729558793075354, "C6": 0.653, "Final": 0.48909046423394387, "Rank": 34}, "mountain biking": {"C1": 0.11867255639409643, "C5": 0.8447891935484183, "C3": 0.75, "C2": 0.8712011577424024, "C4": 0.9729558793075354, "C6": 0.653, "Final": 0.4872817509585435, "Rank": 35}, "canoe slalom": {"C1": 0.07949858911082981, "C5": 0.8447891935484183, "C3": 0.75, "C2": 0.9556509298998569, "C4": 1.0, "C6": 0.7050000000000001, "Final": 0.48645007053316713, "Rank": 36}, "canoe sprint": {"C1": 0.06757211250213026, "C5": 0.8447891935484183, "C3": 0.75, "C2": 0.9556509298998569, "C4": 1.0, "C6": 0.7050000000000001, "Final": 0.4826495625452761, "Rank": 37}, "rugby union": {"C1": 0.47820223091277064, "C5": 0.75, "C3": 0.5, "C2": 0.2672064777327936, "C4": 0.6429726109244839, "C6": 0.3365, "Final": 0.4808972819168002, "Rank": 38}, "marathon swimming": {"C1": 0.06736950350086517, "C5": 0.6320125519135693, "C3": 0.75, "C2": 0.9556509298998569, "C4": 1.0, "C6": 0.7050000000000001, "Final": 0.461277337201239, "Rank": 39}, "ultimate frisbee": {"C1": 0.11594339217647058, "C5": 1.0, "C3": 1.0, "C2": 0.2672064777327936, "C4": 0.6429726109244839, "C6": 0.3365, "Final": 0.4587639145346173, "Rank": 40}, "wrestling": {"C1": 0.467902944248347, "C5": 0.0, "C3": 0.5, "C2": 0.6470697501625337, "C4": 0.9383148783941478, "C6": 0.6587, "Final": 0.45333632416234443, "Rank": 41}, "handball": {"C1": 0.40963102383887573, "C5": 0.75, "C3": 0.5, "C2": 0.2672064777327936, "C4": 0.6429726109244839, "C6": 0.3365, "Final": 0.4478443294174368, "Rank": 42}, "sailing": {"C1": 0.23847853135231617, "C5": 0.6026091626590825, "C3": 0.75, "C2": 0.5641025641025641, "C4": 0.8280585670705144, "C6": 0.405, "Final": 0.4477559517250651, "Rank": 43}, "track cycling": {"C1": 0.11235537651186599, "C5": 0.8447891935484183, "C3": 0.5, "C2": 0.8712011577424024, "C4": 0.9729558793075354, "C6": 0.653, "Final": 0.44557709394675765, "Rank": 44},