{"skateboarding": {"C1": 0.5184742048432779, "C5": 0.75, "C3": 0.75, "C2": 0.901111761263897, "C4": 0.9967325820825841, "C6": 0.643, "Final": 0.7634729581957369, "Rank": 1}, "shooting": {"C1": 0.47816158133471354, "C5": 0.8447891935484183, "C3": 0.75, "C2": 0.901111761263897, "C4": 0.9967325820825841, "C6": 0.643, "Final": 0.7620314273104187, "Rank": 2}, "triathlon": {"C1": 0.4727349417554253, "C5": 0.8447891935484183, "C3": 0.75, "C2": 0.901111761263897, "C4": 0.9967325820825841, "C6": 0.643, "Final": 0.7592877288847115, "Rank": 3}, "athletics": {"C1": 0.3088580107249144, "C5": 0.75, "C3": 1.0, "C2": 0.901111761263897, "C4": 0.9967325820825841, "C6": 0.643, "Final": 0.7050070563834845, "Rank": 4}, "judo": {"C1": 0.46993000712031685, "C5": 0.6320125519135693, "C3": 1.0, "C2": 0.6470697501625337, "C4": 0.9383148783941478, "C6": 0.6587, "Final": 0.7032191799573048, "Rank": 5}, "artistic swimming": {"C1": 0.337242682752703, "C5": 0.8447891935484183, "C3": 0.75, "C2": 0.9556509298998569, "C4": 1.0, "C6": 0.7050000000000001, "Final": 0.6983132869675949, "Rank": 6}, "rowing": {"C1": 0.411913803646187, "C5": 0.6320125519135693, "C3": 0.75, "C2": 0.9556509298998569, "C4": 1.0, "C6": 0.7050000000000001, "Final": 0.6970716287223319, "Rank": 7}, "mountain biking": {"C1": 0.3548633337017991, "C5": 0.8447891935484183, "C3": 0.75, "C2": 0.8712011577424024, "C4": 0.9729558793075354, "C6": 0.653, "Final": 0.6946707669201205, "Rank": 8}, "table tennis": {"C1": 0.528665923376131, "C5": 0.75, "C3": 0.75, "C2": 0.646067415730337, "C4": 0.868138971180223, "C6": 0.5609999999999999, "Final": 0.6945426399461335, "Rank": 9}, "swimming": {"C1": 0.5431954380318961, "C5": 0.75, "C3": 0.5, "C2": 0.9556509298998569, "C4": 1.0, "C6": 0.7050000000000001, "Final": 0.6916183661292759, "Rank": 10}, "badminton": {"C1": 0.3868395202089793, "C5": 0.75, "C3": 1.0, "C2": 0.646067415730337, "C4": 0.868138971180223, "C6": 0.5609999999999999, "Final": 0.6848691076119994, "Rank": 11}, "cricket": {"C1": 0.5523352971879112, "C5": 0.6026091626590825, "C3": 0.75, "C2": 0.646067415730337, "C4": 0.868138971180223, "C6": 0.5609999999999999, "Final": 0.6711275883354801, "Rank": 12}, "weightlifting": {"C1": 0.4614055179437929, "C5": 0.8447891935484183, "C3": 0.5, "C2": 0.901111761263897, "C4": 0.9967325820825841, "C6": 0.643, "Final": 0.6690671154202371, "Rank": 13}, "sport climbing": {"C1": 0.2755210031162402, "C5": 0.8447891935484183, "C3": 0.75, "C2": 0.901111761263897, "C4": 0.9967325820825841, "C6": 0.643, "Final": 0.6601666083919878, "Rank": 14}, "archery": {"C1": 0.44721132864222646, "C5": 0.5, "C3": 1.0, "C2": 0.646067415730337, "C4": 0.868138971180223, "C6": 0.5609999999999999, "Final": 0.6598372586477788, "Rank": 15}, "equestrian": {"C1": 0.29628071776746123, "C5": 0.75, "C3": 0.75, "C2": 0.901111761263897, "C4": 0.9967325820825841, "C6": 0.643, "Final": 0.6561747324421148, "Rank": 16}, "esports": {"C1": 0.23763740411214374, "C5": 1.0, "C3": 1.0, "C2": 0.6470697501625337, "C4": 0.9383148783941478, "C6": 0.6587, "Final": 0.6547683009326198, "Rank": 17}, "modern pentathlon": {"C1": 0.24943537088496492, "C5": 0.6026091626590825, "C3": 1.0, "C2": 0.901111761263897, "C4": 0.9967325820825841, "C6": 0.643, "Final": 0.6538806895564295, "Rank": 18}, "artistic gymnastics": {"C1": 0.42736626789511656, "C5": 0.7127394326953596, "C3": 0.75, "C2": 0.6470697501625337, "C4": 0.9383148783941478, "C6": 0.6587, "Final": 0.6534787771633052, "Rank": 19}, "boxing": {"C1": 0.49633123566484455, "C5": 0.5, "C3": 0.75, "C2": 0.6470697501625337, "C4": 0.9383148783941478, "C6": 0.6587, "Final": 0.6337699689107773, "Rank": 20}, "road cycling": {"C1": 0.1559762880306519, "C5": 0.7127394326953596, "C3": 1.0, "C2": 0.8712011577424024, "C4": 0.9729558793075354, "C6": 0.653, "Final": 0.6278007829833296, "Rank": 21}, "water polo": {"C1": 0.24990989314677622, "C5": 0.6026091626590825, "C3": 0.75, "C2": 0.9556509298998569, "C4": 1.0, "C6": 0.7050000000000001, "Final": 0.6202469246587212, "Rank": 22}, "rhythmic gymnastics": {"C1": 0.3030843521478415, "C5": 0.75, "C3": 0.75, "C2": 0.6470697501625337, "C4": 0.9383148783941478, "C6": 0.6587, "Final": 0.6065910742606208, "Rank": 23}, "canoe slalom": {"C1": 0.11235274756921151, "C5": 0.8447891935484183, "C3": 0.75, "C2": 0.9556509298998569, "C4": 1.0, "C6": 0.7050000000000001, "Final": 0.6000667035743387, "Rank": 24}, "surfing": {"C1": 0.33578682735299065, "C5": 0.8447891935484183, "C3": 0.75, "C2": 0.5641025641025641, "C4": 0.8280585670705144, "C6": 0.405, "Final": 0.597341050142209, "Rank": 25}, "canoe sprint": {"C1": 0.08914899948186888, "C5": 0.8447891935484183, "C3": 0.75, "C2": 0.9556509298998569, "C4": 1.0, "C6": 0.7050000000000001, "Final": 0.591644303075301, "Rank": 26}, "basketball": {"C1": 0.5362311700782787, "C5": 1.0, "C3": 0.75, "C2": 0.2672064777327936, "C4": 0.6429726109244839, "C6": 0.3365, "Final": 0.5901102917945701, "Rank": 27}, "freestyle bmx": {"C1": 0.1370508501109789, "C5": 0.75, "C3": 0.75, "C2": 0.8712011577424024, "C4": 0.9729558793075354, "C6": 0.653, "Final": 0.5838286912053189, "Rank": 28}, "volleyball": {"C1": 0.5599556466101498, "C5": 0.8447891935484183, "C3": 0.75, "C2": 0.2672064777327936, "C4": 0.6429726109244839, "C6": 0.3365, "Final": 0.5780635663677028, "Rank": 29}, "ice hockey": {"C1": 0.608155590749021, "C5": 0.75, "C3": 0.75, "C2": 0.2672064777327936, "C4": 0.6429726109244839, "C6": 0.3365, "Final": 0.576888463718192, "Rank": 30}, "diving": {"C1": 0.07467204675256307, "C5": 0.75, "C3": 0.75, "C2": 0.9556509298998569, "C4": 1.0, "C6": 0.7050000000000001, "Final": 0.5753367300885521, "Rank": 31}, "tennis": {"C1": 0.5942544190525304, "C5": 0.8222964009221556, "C3": 0.25, "C2": 0.646067415730337, "C4": 0.868138971180223, "C6": 0.5609999999999999, "Final": 0.5663151074108318, "Rank": 32}, "marathon swimming": {"C1": 0.0889604981709331, "C5": 0.6320125519135693, "C3": 0.75, "C2": 0.9556509298998569, "C4": 1.0, "C6": 0.7050000000000001, "Final": 0.5644974560081831, "Rank": 33}, "baseball": {"C1": 0.48125748528866263, "C5": 0.8447891935484183, "C3": 0.75, "C2": 0.2672064777327936, "C4": 0.6429726109244839, "C6": 0.3365, "Final": 0.5579620400871601, "Rank": 34}, "sailing": {"C1": 0.32877704879228054, "C5": 0.6026091626590825, "C3": 0.75, "C2": 0.5641025641025641, "C4": 0.8280585670705144, "C6": 0.405, "Final": 0.5520041343693319, "Rank": 35}, "bmx racing": {"C1": 0.16051901536392335, "C5": 0.8447891935484183, "C3": 0.5, "C2": 0.8712011577424024, "C4": 0.9729558793075354, "C6": 0.653, "Final": 0.5492598821186613, "Rank": 36}, "track cycling": {"C1": 0.14207624616674278, "C5": 0.8447891935484183, "C3": 0.5, "C2": 0.8712011577424024, "C4": 0.9729558793075354, "C6": 0.653, "Final": 0.5431153028853306, "Rank": 37}, "golf": {"C1": 0.6972091519057595, "C5": 0.8447891935484183, "C3": 0.0, "C2": 0.646067415730337, "C4": 0.868138971180223, "C6": 0.5609999999999999, "Final": 0.5297539373306406, "Rank": 38}, "ultimate frisbee": {"C1": 0.12187479708148662, "C5": 1.0, "C3": 1.0, "C2": 0.2672064777327936, "C4": 0.6429726109244839, "C6": 0.3365, "Final": 0.5279518980191316, "Rank": 39}, "football": {"C1": 0.7103959746200597, "C5": 1.0, "C3": 0.25, "C2": 0.2672064777327936, "C4": 0.6429726109244839, "C6": 0.3365, "Final": 0.5263523215304646, "Rank": 40}, "flag football": {"C1": 0.19103213059856314, "C5": 0.8222964009221556, "C3": 1.0, "C2": 0.2672064777327936, "C4": 0.6429726109244839, "C6": 0.3365, "Final": 0.5244119299944017, "Rank": 41}, "fencing": {"C1": 0.08395431728146141, "C5": 0.75, "C3": 0.75, "C2": 0.646067415730337, "C4": 0.868138971180223, "C6": 0.5609999999999999, "Final": 0.519057786919871, "Rank": 42}, "rugby sevens": {"C1": 0.11100563122319337, "C5": 0.75, "C3": 1.0, "C2": 0.2672064777327936, "C4": 0.6429726109244839, "C6": 0.3365, "Final": 0.4971330506090571, "Rank": 43}, "beach volleyball": {"C1": 0.3602822914390506, "C5": 0.6320125519135693, "C3": 0.75, "C2": 0.2672064777327936, "C4": 0.6429726109244839, "C6": 0.3365, "Final": 0.49034525699658627,