{"shooting": {"C1": 0.624679407681884, "C5": 0.8447891935484183, "C3": 0.75, "C2": 0.901111761263897, "C4": 0.9967325820825841, "C6": 0.643, "Final": 0.7462927003213464, "Rank": 1}, "swimming": {"C1": 0.6928924065397133, "C5": 0.75, "C3": 0.5, "C2": 0.9556509298998569, "C4": 1.0, "C6": 0.7050000000000001, "Final": 0.7113758188639149, "Rank": 2}, "cricket": {"C1": 0.7210683124336157, "C5": 0.6026091626590825, "C3": 0.75, "C2": 0.646067415730337, "C4": 0.868138971180223, "C6": 0.5609999999999999, "Final": 0.7083236537543426, "Rank": 3}, "athletics": {"C1": 0.4550468086569952, "C5": 0.75, "C3": 1.0, "C2": 0.901111761263897, "C4": 0.9967325820825841, "C6": 0.643, "Final": 0.6646817555111469, "Rank": 4}, "boxing": {"C1": 0.6507980502655586, "C5": 0.5, "C3": 0.75, "C2": 0.6470697501625337, "C4": 0.9383148783941478, "C6": 0.6587, "Final": 0.660908199053447, "Rank": 5}, "basketball": {"C1": 0.7038118074418674, "C5": 1.0, "C3": 0.75, "C2": 0.2672064777327936, "C4": 0.6429726109244839, "C6": 0.3365, "Final": 0.6298964272281199, "Rank": 6}, "equestrian": {"C1": 0.4495009758580386, "C5": 0.75, "C3": 0.75, "C2": 0.901111761263897, "C4": 0.9967325820825841, "C6": 0.643, "Final": 0.627515878647928, "Rank": 7}, "skateboarding": {"C1": 0.44687484785789555, "C5": 0.75, "C3": 0.75, "C2": 0.901111761263897, "C4": 0.9967325820825841, "C6": 0.643, "Final": 0.625993617562481, "Rank": 8}, "tennis": {"C1": 0.7513967239676475, "C5": 0.8222964009221556, "C3": 0.25, "C2": 0.646067415730337, "C4": 0.868138971180223, "C6": 0.5609999999999999, "Final": 0.6241378301860943, "Rank": 9}, "badminton": {"C1": 0.4493241840016347, "C5": 0.75, "C3": 1.0, "C2": 0.646067415730337, "C4": 0.868138971180223, "C6": 0.5609999999999999, "Final": 0.6215855008387916, "Rank": 10}, "volleyball": {"C1": 0.6824088102186735, "C5": 0.8447891935484183, "C3": 0.75, "C2": 0.2672064777327936, "C4": 0.6429726109244839, "C6": 0.3365, "Final": 0.6101356239297553, "Rank": 11}, "baseball": {"C1": 0.6742132086480583, "C5": 0.8447891935484183, "C3": 0.75, "C2": 0.2672064777327936, "C4": 0.6429726109244839, "C6": 0.3365, "Final": 0.6071224951143741, "Rank": 12}, "surfing": {"C1": 0.5037266605961556, "C5": 0.8447891935484183, "C3": 0.75, "C2": 0.5641025641025641, "C4": 0.8280585670705144, "C6": 0.405, "Final": 0.6011997249132609, "Rank": 13}, "football": {"C1": 0.8904394835960383, "C5": 1.0, "C3": 0.25, "C2": 0.2672064777327936, "C4": 0.6429726109244839, "C6": 0.3365, "Final": 0.5986053518636042, "Rank": 14}, "esports": {"C1": 0.3442132446563891, "C5": 1.0, "C3": 1.0, "C2": 0.6470697501625337, "C4": 0.9383148783941478, "C6": 0.6587, "Final": 0.594681940025013, "Rank": 15}, "table tennis": {"C1": 0.46750451028840556, "C5": 0.75, "C3": 0.75, "C2": 0.646067415730337, "C4": 0.868138971180223, "C6": 0.5609999999999999, "Final": 0.5934189309365545, "Rank": 16}, "triathlon": {"C1": 0.3433697818704075, "C5": 0.8447891935484183, "C3": 0.75, "C2": 0.901111761263897, "C4": 0.9967325820825841, "C6": 0.643, "Final": 0.5796372181608876, "Rank": 17}, "golf": {"C1": 0.7865688724420242, "C5": 0.8447891935484183, "C3": 0.0, "C2": 0.646067415730337, "C4": 0.868138971180223, "C6": 0.5609999999999999, "Final": 0.5796296796102349, "Rank": 18}, "judo": {"C1": 0.36292929631518756, "C5": 0.6320125519135693, "C3": 1.0, "C2": 0.6470697501625337, "C4": 0.9383148783941478, "C6": 0.6587, "Final": 0.5670211741180792, "Rank": 19}, "ice hockey": {"C1": 0.5619274737410798, "C5": 0.75, "C3": 0.75, "C2": 0.2672064777327936, "C4": 0.6429726109244839, "C6": 0.3365, "Final": 0.5516170099598994, "Rank": 20}, "rowing": {"C1": 0.3171981517610847, "C5": 0.6320125519135693, "C3": 0.75, "C2": 0.9556509298998569, "C4": 1.0, "C6": 0.7050000000000001, "Final": 0.5510110059708434, "Rank": 21}, "artistic swimming": {"C1": 0.24895824209872092, "C5": 0.8447891935484183, "C3": 0.75, "C2": 0.9556509298998569, "C4": 1.0, "C6": 0.7050000000000001, "Final": 0.5427833936449458, "Rank": 22}, "american football": {"C1": 0.6892178250397114, "C5": 1.0, "C3": 0.25, "C2": 0.2672064777327936, "C4": 0.6429726109244839, "C6": 0.3365, "Final": 0.5414646887705699, "Rank": 23}, "water polo": {"C1": 0.2730586034328377, "C5": 0.6026091626590825, "C3": 0.75, "C2": 0.9556509298998569, "C4": 1.0, "C6": 0.7050000000000001, "Final": 0.5271357880725069, "Rank": 24}, "archery": {"C1": 0.31862503761614686, "C5": 0.5, "C3": 1.0, "C2": 0.646067415730337, "C4": 0.868138971180223, "C6": 0.5609999999999999, "Final": 0.5260451601064785, "Rank": 25}, "mountain biking": {"C1": 0.23396843516630367, "C5": 0.8447891935484183, "C3": 0.75, "C2": 0.8712011577424024, "C4": 0.9729558793075354, "C6": 0.653, "Final": 0.5241344023316358, "Rank": 26}, "sport climbing": {"C1": 0.2061062661988478, "C5": 0.8447891935484183, "C3": 0.75, "C2": 0.901111761263897, "C4": 0.9967325820825841, "C6": 0.643, "Final": 0.5163487643804862, "Rank": 27}, "artistic gymnastics": {"C1": 0.3158621489501242, "C5": 0.7127394326953596, "C3": 0.75, "C2": 0.6470697501625337, "C4": 0.9383148783941478, "C6": 0.6587, "Final": 0.5122252975827504, "Rank": 28}, "diving": {"C1": 0.197947290819517, "C5": 0.75, "C3": 0.75, "C2": 0.9556509298998569, "C4": 1.0, "C6": 0.7050000000000001, "Final": 0.5118663675174446, "Rank": 29}, "weightlifting": {"C1": 0.28586360268575106, "C5": 0.8447891935484183, "C3": 0.5, "C2": 0.901111761263897, "C4": 0.9967325820825841, "C6": 0.643, "Final": 0.5086359664355204, "Rank": 30}, "rugby union": {"C1": 0.5588742301150308, "C5": 0.75, "C3": 0.5, "C2": 0.2672064777327936, "C4": 0.6429726109244839, "C6": 0.3365, "Final": 0.5051491680325545, "Rank": 31}, "road cycling": {"C1": 0.1006885584616099, "C5": 0.7127394326953596, "C3": 1.0, "C2": 0.8712011577424024, "C4": 0.9729558793075354, "C6": 0.653, "Final": 0.4971760033635532, "Rank": 32}, "modern pentathlon": {"C1": 0.1065715077961859, "C5": 0.6026091626590825, "C3": 1.0, "C2": 0.901111761263897, "C4": 0.9967325820825841, "C6": 0.643, "Final": 0.492331793560779, "Rank": 33}, "fencing": {"C1": 0.26267403954695345, "C5": 0.75, "C3": 0.75, "C2": 0.646067415730337, "C4": 0.868138971180223, "C6": 0.5609999999999999, "Final": 0.4877085773074372, "Rank": 34}, "canoe sprint": {"C1": 0.06736569383846427, "C5": 0.8447891935484183, "C3": 0.75, "C2": 0.9556509298998569, "C4": 1.0, "C6": 0.7050000000000001, "Final": 0.4767280205629377, "Rank": 35}, "canoe slalom": {"C1": 0.06724229002660438, "C5": 0.8447891935484183, "C3": 0.75, "C2": 0.9556509298998569, "C4": 1.0, "C6": 0.7050000000000001, "Final": 0.4766920276724837, "Rank": 36}, "handball": {"C1": 0.4815704699773721, "C5": 0.75, "C3": 0.5, "C2": 0.2672064777327936, "C4": 0.6429726109244839, "C6": 0.3365, "Final": 0.469013399151377, "Rank": 37}, "track cycling": {"C1": 0.19302417328748797, "C5": 0.8447891935484183, "C3": 0.5, "C2": 0.8712011577424024, "C4": 0.9729558793075354, "C6": 0.653, "Final": 0.466274906400993, "Rank": 38}, "freestyle bmx": {"C1": 0.09934533372264445, "C5": 0.75, "C3": 0.75, "C2": 0.8712011577424024, "C4": 0.9729558793075354, "C6": 0.653, "Final": 0.4638001122531793, "Rank": 39}, "marathon swimming": {"C1": 0.06716370376530041, "C5": 0.6320125519135693, "C3": 0.75, "C2": 0.9556509298998569, "C4": 1.0, "C6": 0.7050000000000001, "Final": 0.45558887011462085, "Rank": 40}, "wrestling": {"C1": 0.50011187433695, "C5": 0.0, "C3": 0.5, "C2": 0.6470697501625337, "C4": 0.9383148783941478, "C6": 0.6587, "Final": 0.4552285060909009, "Rank": 41}, "rhythmic gymnastics": {"C1": 0.1621019569166026, "C5": 0.75, "C3": 0.75, "C2": 0.6470697501625337, "C4": 0.9383148783941478, "C6": 0.6587, "Final": 0.45204710043898105, "Rank": 42}, "ultimate frisbee": {"C1": 0.10530684733423283, "C5": 1.0, "C3": 1.0, "C2": 0.2672064777327936, "C4": 0.6429726109244839, "C6": 0.3365, "Final": 0.4507700569872035, "Rank": 43}, "sailing": {"C1": 0.24235624068473582, "C5": 0.6026091626590825, "C3": 0.75, "C2": 0.5641025641025641, "C4": 0.8280585670705144, "C6": 0.405, "Final": 0.4395827718581093, "Rank": 44}, "flag football": {"C1": 0.10069654870349388,