{"swimming": {"C1": 0.6503257678994848, "C5": 0.75, "C3": 0.5, "C2": 0.9556509298998569, "C4": 1.0, "C6": 0.7050000000000001, "Final": 0.6590412852902358, "Rank": 1}, "basketball": {"C1": 0.7696694791977006, "C5": 1.0, "C3": 0.75, "C2": 0.2672064777327936, "C4": 0.6429726109244839, "C6": 0.3365, "Final": 0.6479889087827725, "Rank": 2}, "cricket": {"C1": 0.6453282300971691, "C5": 0.6026091626590825, "C3": 0.75, "C2": 0.646067415730337, "C4": 0.868138971180223, "C6": 0.5609999999999999, "Final": 0.6406681403298353, "Rank": 3}, "shooting": {"C1": 0.5431997059063035, "C5": 0.8447891935484183, "C3": 0.75, "C2": 0.901111761263897, "C4": 0.9967325820825841, "C6": 0.643, "Final": 0.6405596496635926, "Rank": 4}, "baseball": {"C1": 0.7729628755872884, "C5": 0.8447891935484183, "C3": 0.75, "C2": 0.2672064777327936, "C4": 0.6429726109244839, "C6": 0.3365, "Final": 0.6396657627228884, "Rank": 5}, "athletics": {"C1": 0.5084247599947334, "C5": 0.75, "C3": 1.0, "C2": 0.901111761263897, "C4": 0.9967325820825841, "C6": 0.643, "Final": 0.6392181876547919, "Rank": 6}, "football": {"C1": 0.9899560162824269, "C5": 1.0, "C3": 0.25, "C2": 0.2672064777327936, "C4": 0.6429726109244839, "C6": 0.3365, "Final": 0.6389831135246811, "Rank": 7}, "boxing": {"C1": 0.6074759367490508, "C5": 0.5, "C3": 0.75, "C2": 0.6470697501625337, "C4": 0.9383148783941478, "C6": 0.6587, "Final": 0.6083619091557476, "Rank": 8}, "badminton": {"C1": 0.5110832582821668, "C5": 0.75, "C3": 1.0, "C2": 0.646067415730337, "C4": 0.868138971180223, "C6": 0.5609999999999999, "Final": 0.6080789744363181, "Rank": 9}, "volleyball": {"C1": 0.6938420194081565, "C5": 0.8447891935484183, "C3": 0.75, "C2": 0.2672064777327936, "C4": 0.6429726109244839, "C6": 0.3365, "Final": 0.6063151514889977, "Rank": 10}, "tennis": {"C1": 0.6908315731258834, "C5": 0.8222964009221556, "C3": 0.25, "C2": 0.646067415730337, "C4": 0.868138971180223, "C6": 0.5609999999999999, "Final": 0.5942396154690556, "Rank": 11}, "golf": {"C1": 0.7709663430356267, "C5": 0.8447891935484183, "C3": 0.0, "C2": 0.646067415730337, "C4": 0.868138971180223, "C6": 0.5609999999999999, "Final": 0.5824375080792445, "Rank": 12}, "table tennis": {"C1": 0.5158584133607811, "C5": 0.75, "C3": 0.75, "C2": 0.646067415730337, "C4": 0.868138971180223, "C6": 0.5609999999999999, "Final": 0.5788743715073643, "Rank": 13}, "surfing": {"C1": 0.47677924595865495, "C5": 0.8447891935484183, "C3": 0.75, "C2": 0.5641025641025641, "C4": 0.8280585670705144, "C6": 0.405, "Final": 0.5477209269984858, "Rank": 14}, "esports": {"C1": 0.3398699254255739, "C5": 1.0, "C3": 1.0, "C2": 0.6470697501625337, "C4": 0.9383148783941478, "C6": 0.6587, "Final": 0.5416851374362962, "Rank": 15}, "equestrian": {"C1": 0.3741506087554339, "C5": 0.75, "C3": 0.75, "C2": 0.901111761263897, "C4": 0.9967325820825841, "C6": 0.643, "Final": 0.5342890778855942, "Rank": 16}, "judo": {"C1": 0.3786421359106333, "C5": 0.6320125519135693, "C3": 1.0, "C2": 0.6470697501625337, "C4": 0.9383148783941478, "C6": 0.6587, "Final": 0.5282414778155511, "Rank": 17}, "american football": {"C1": 0.6507588577455494, "C5": 1.0, "C3": 0.25, "C2": 0.2672064777327936, "C4": 0.6429726109244839, "C6": 0.3365, "Final": 0.5268980535076316, "Rank": 18}, "skateboarding": {"C1": 0.319539016488926, "C5": 0.75, "C3": 0.75, "C2": 0.901111761263897, "C4": 0.9967325820825841, "C6": 0.643, "Final": 0.5067405785737783, "Rank": 19}, "artistic swimming": {"C1": 0.27291976880271024, "C5": 0.8447891935484183, "C3": 0.75, "C2": 0.9556509298998569, "C4": 1.0, "C6": 0.7050000000000001, "Final": 0.5020554395207715, "Rank": 20}, "triathlon": {"C1": 0.2756999594116736, "C5": 0.8447891935484183, "C3": 0.75, "C2": 0.901111761263897, "C4": 0.9967325820825841, "C6": 0.643, "Final": 0.4954621480746374, "Rank": 21}, "rugby union": {"C1": 0.5582047858843314, "C5": 0.75, "C3": 0.5, "C2": 0.2672064777327936, "C4": 0.6429726109244839, "C6": 0.3365, "Final": 0.494908461580863, "Rank": 22}, "ice hockey": {"C1": 0.47075808546772585, "C5": 0.75, "C3": 0.75, "C2": 0.2672064777327936, "C4": 0.6429726109244839, "C6": 0.3365, "Final": 0.4889077911828624, "Rank": 23}, "diving": {"C1": 0.2355057956257579, "C5": 0.75, "C3": 0.75, "C2": 0.9556509298998569, "C4": 1.0, "C6": 0.7050000000000001, "Final": 0.4774389411225242, "Rank": 24}, "rowing": {"C1": 0.24690146283040248, "C5": 0.6320125519135693, "C3": 0.75, "C2": 0.9556509298998569, "C4": 1.0, "C6": 0.7050000000000001, "Final": 0.47096682105818066, "Rank": 25}, "archery": {"C1": 0.2863116635968025, "C5": 0.5, "C3": 1.0, "C2": 0.646067415730337, "C4": 0.868138971180223, "C6": 0.5609999999999999, "Final": 0.4684593877053697, "Rank": 26}, "sport climbing": {"C1": 0.20730101317870794, "C5": 0.8447891935484183, "C3": 0.75, "C2": 0.901111761263897, "C4": 0.9967325820825841, "C6": 0.643, "Final": 0.4668841660789731, "Rank": 27}, "artistic gymnastics": {"C1": 0.2957345880474521, "C5": 0.7127394326953596, "C3": 0.75, "C2": 0.6470697501625337, "C4": 0.9383148783941478, "C6": 0.6587, "Final": 0.45814972678081967, "Rank": 28}, "modern pentathlon": {"C1": 0.13715048540756244, "C5": 0.6026091626590825, "C3": 1.0, "C2": 0.901111761263897, "C4": 0.9967325820825841, "C6": 0.643, "Final": 0.454106534307369, "Rank": 29}, "water polo": {"C1": 0.20331526269082323, "C5": 0.6026091626590825, "C3": 0.75, "C2": 0.9556509298998569, "C4": 1.0, "C6": 0.7050000000000001, "Final": 0.45082602927795506, "Rank": 30}, "rhythmic gymnastics": {"C1": 0.270106114947876, "C5": 0.75, "C3": 0.75, "C2": 0.6470697501625337, "C4": 0.9383148783941478, "C6": 0.6587, "Final": 0.450590605230573, "Rank": 31}, "ultimate frisbee": {"C1": 0.2207970917371688, "C5": 1.0, "C3": 1.0, "C2": 0.2672064777327936, "C4": 0.6429726109244839, "C6": 0.3365, "Final": 0.44645843362972637, "Rank": 32}, "weightlifting": {"C1": 0.23173131144087744, "C5": 0.8447891935484183, "C3": 0.5, "C2": 0.901111761263897, "C4": 0.9967325820825841, "C6": 0.643, "Final": 0.44166600571080306, "Rank": 33}, "road cycling": {"C1": 0.06953242766993845, "C5": 0.7127394326953596, "C3": 1.0, "C2": 0.8712011577424024, "C4": 0.9729558793075354, "C6": 0.653, "Final": 0.43963538647167943, "Rank": 34}, "canoe slalom": {"C1": 0.09730895905111864, "C5": 0.8447891935484183, "C3": 0.75, "C2": 0.9556509298998569, "C4": 1.0, "C6": 0.7050000000000001, "Final": 0.43764194776157983, "Rank": 35}, "fencing": {"C1": 0.24470294105100346, "C5": 0.75, "C3": 0.75, "C2": 0.646067415730337, "C4": 0.868138971180223, "C6": 0.5609999999999999, "Final": 0.4354390042927424, "Rank": 36}, "mountain biking": {"C1": 0.1202947073190217, "C5": 0.8447891935484183, "C3": 0.75, "C2": 0.8712011577424024, "C4": 0.9729558793075354, "C6": 0.653, "Final": 0.43262095685521756, "Rank": 37}, "handball": {"C1": 0.4334061588637203, "C5": 0.75, "C3": 0.5, "C2": 0.2672064777327936, "C4": 0.6429726109244839, "C6": 0.3365, "Final": 0.4294167605347808, "Rank": 38}, "canoe sprint": {"C1": 0.06254149135084273, "C5": 0.8447891935484183, "C3": 0.75, "C2": 0.9556509298998569, "C4": 1.0, "C6": 0.7050000000000001, "Final": 0.4279032130160217, "Rank": 39}, "wrestling": {"C1": 0.46554921395449556, "C5": 0.0, "C3": 0.5, "C2": 0.6470697501625337, "C4": 0.9383148783941478, "C6": 0.6587, "Final": 0.42661512949962316, "Rank": 40}, "marathon swimming": {"C1": 0.06235471873264242, "C5": 0.6320125519135693, "C3": 0.75, "C2": 0.9556509298998569, "C4": 1.0, "C6": 0.7050000000000001, "Final": 0.4086666026269431, "Rank": 41}, "freestyle bmx": {"C1": 0.04470775044609457, "C5": 0.75, "C3": 0.75, "C2": 0.8712011577424024, "C4": 0.9729558793075354, "C6": 0.653, "Final": 0.4021332569793859, "Rank": 42}, "sailing": {"C1": 0.23747306762239948, "C5": 0.6026091626590825, "C3": 0.75, "C2": 0.5641025641025641, "C4": 0.8280585670705144, "C6": 0.405, "Final": 0.39914345596492595, "Rank": 43}, "flag football": {"C1": 0.09464084862950578, "C5": 0.8222964009221556, "C3": 1.0, "C2": 0.2672064777327936, "C4": 0.6429726109244839, "C6": 0.3365, "Final": 0.3927329187474502, "Rank": 44},