{"shooting": {"C1": 0.4656201307526506, "C5": 0.8447891935484183, "C3": 0.75, "C2": 0.901111761263897, "C4": 0.9967325820825841, "C6": 0.643, "Final": 0.7106073862520499, "Rank": 1}, "athletics": {"C1": 0.36171837196066897, "C5": 0.75, "C3": 1.0, "C2": 0.901111761263897, "C4": 0.9967325820825841, "C6": 0.643, "Final": 0.6905720408231563, "Rank": 2}, "skateboarding": {"C1": 0.4392035809479068, "C5": 0.75, "C3": 0.75, "C2": 0.901111761263897, "C4": 0.9967325820825841, "C6": 0.643, "Final": 0.6838572996201615, "Rank": 3}, "cricket": {"C1": 0.643985930362419, "C5": 0.6026091626590825, "C3": 0.75, "C2": 0.646067415730337, "C4": 0.868138971180223, "C6": 0.5609999999999999, "Final": 0.6731346983154711, "Rank": 4}, "triathlon": {"C1": 0.372581328968737, "C5": 0.8447891935484183, "C3": 0.75, "C2": 0.901111761263897, "C4": 0.9967325820825841, "C6": 0.643, "Final": 0.667375166247389, "Rank": 5}, "swimming": {"C1": 0.5410449616325066, "C5": 0.75, "C3": 0.5, "C2": 0.9556509298998569, "C4": 1.0, "C6": 0.7050000000000001, "Final": 0.6617054560202381, "Rank": 6}, "table tennis": {"C1": 0.5057711353808431, "C5": 0.75, "C3": 0.75, "C2": 0.646067415730337, "C4": 0.868138971180223, "C6": 0.5609999999999999, "Final": 0.6514841695935295, "Rank": 7}, "equestrian": {"C1": 0.3467520313903144, "C5": 0.75, "C3": 0.75, "C2": 0.901111761263897, "C4": 0.9967325820825841, "C6": 0.643, "Final": 0.642706868988584, "Rank": 8}, "artistic swimming": {"C1": 0.29355081002264855, "C5": 0.8447891935484183, "C3": 0.75, "C2": 0.9556509298998569, "C4": 1.0, "C6": 0.7050000000000001, "Final": 0.6417126086036903, "Rank": 9}, "judo": {"C1": 0.37806301487592053, "C5": 0.6320125519135693, "C3": 1.0, "C2": 0.6470697501625337, "C4": 0.9383148783941478, "C6": 0.6587, "Final": 0.6333881128263856, "Rank": 10}, "badminton": {"C1": 0.33535060589014143, "C5": 0.75, "C3": 1.0, "C2": 0.646067415730337, "C4": 0.868138971180223, "C6": 0.5609999999999999, "Final": 0.6298740804110967, "Rank": 11}, "sport climbing": {"C1": 0.2696368436050497, "C5": 0.8447891935484183, "C3": 0.75, "C2": 0.901111761263897, "C4": 0.9967325820825841, "C6": 0.643, "Final": 0.6234639639452363, "Rank": 12}, "esports": {"C1": 0.22606568296579038, "C5": 1.0, "C3": 1.0, "C2": 0.6470697501625337, "C4": 0.9383148783941478, "C6": 0.6587, "Final": 0.6211439519675674, "Rank": 13}, "rowing": {"C1": 0.3094748605172978, "C5": 0.6320125519135693, "C3": 0.75, "C2": 0.9556509298998569, "C4": 1.0, "C6": 0.7050000000000001, "Final": 0.6179827452045108, "Rank": 14}, "boxing": {"C1": 0.516969648081176, "C5": 0.5, "C3": 0.75, "C2": 0.6470697501625337, "C4": 0.9383148783941478, "C6": 0.6587, "Final": 0.6115153911770497, "Rank": 15}, "modern pentathlon": {"C1": 0.2152003686546215, "C5": 0.6026091626590825, "C3": 1.0, "C2": 0.901111761263897, "C4": 0.9967325820825841, "C6": 0.643, "Final": 0.6108209321265975, "Rank": 16}, "archery": {"C1": 0.37938026867586844, "C5": 0.5, "C3": 1.0, "C2": 0.646067415730337, "C4": 0.868138971180223, "C6": 0.5609999999999999, "Final": 0.6055714166415325, "Rank": 17}, "road cycling": {"C1": 0.16728741577344336, "C5": 0.7127394326953596, "C3": 1.0, "C2": 0.8712011577424024, "C4": 0.9729558793075354, "C6": 0.653, "Final": 0.6047628959046019, "Rank": 18}, "mountain biking": {"C1": 0.2113635310855072, "C5": 0.8447891935484183, "C3": 0.75, "C2": 0.8712011577424024, "C4": 0.9729558793075354, "C6": 0.653, "Final": 0.5967674094765177, "Rank": 19}, "canoe slalom": {"C1": 0.16977255585746692, "C5": 0.8447891935484183, "C3": 0.75, "C2": 0.9556509298998569, "C4": 1.0, "C6": 0.7050000000000001, "Final": 0.5947597484906788, "Rank": 20}, "basketball": {"C1": 0.6248228360680929, "C5": 1.0, "C3": 0.75, "C2": 0.2672064777327936, "C4": 0.6429726109244839, "C6": 0.3365, "Final": 0.5929134979925109, "Rank": 21}, "canoe sprint": {"C1": 0.15939107955859932, "C5": 0.8447891935484183, "C3": 0.75, "C2": 0.9556509298998569, "C4": 1.0, "C6": 0.7050000000000001, "Final": 0.5911852189044388, "Rank": 22}, "water polo": {"C1": 0.24975483541517146, "C5": 0.6026091626590825, "C3": 0.75, "C2": 0.9556509298998569, "C4": 1.0, "C6": 0.7050000000000001, "Final": 0.5908484437233056, "Rank": 23}, "weightlifting": {"C1": 0.3221894938658577, "C5": 0.8447891935484183, "C3": 0.5, "C2": 0.901111761263897, "C4": 0.9967325820825841, "C6": 0.643, "Final": 0.5851089447805645, "Rank": 24}, "artistic gymnastics": {"C1": 0.3387537778760421, "C5": 0.7127394326953596, "C3": 0.75, "C2": 0.6470697501625337, "C4": 0.9383148783941478, "C6": 0.6587, "Final": 0.5834360473960546, "Rank": 25}, "surfing": {"C1": 0.37219936928402103, "C5": 0.8447891935484183, "C3": 0.75, "C2": 0.5641025641025641, "C4": 0.8280585670705144, "C6": 0.405, "Final": 0.5820399950134495, "Rank": 26}, "freestyle bmx": {"C1": 0.1785569054184846, "C5": 0.75, "C3": 0.75, "C2": 0.8712011577424024, "C4": 0.9729558793075354, "C6": 0.653, "Final": 0.5726719625412171, "Rank": 27}, "marathon swimming": {"C1": 0.1696852869732794, "C5": 0.6320125519135693, "C3": 0.75, "C2": 0.9556509298998569, "C4": 1.0, "C6": 0.7050000000000001, "Final": 0.5675998586749481, "Rank": 28}, "rhythmic gymnastics": {"C1": 0.2611567695699365, "C5": 0.75, "C3": 0.75, "C2": 0.6470697501625337, "C4": 0.9383148783941478, "C6": 0.6587, "Final": 0.5602601793287663, "Rank": 29}, "diving": {"C1": 0.08885594750514558, "C5": 0.75, "C3": 0.75, "C2": 0.9556509298998569, "C4": 1.0, "C6": 0.7050000000000001, "Final": 0.5575830342284658, "Rank": 30}, "tennis": {"C1": 0.6323985632330271, "C5": 0.8222964009221556, "C3": 0.25, "C2": 0.646067415730337, "C4": 0.868138971180223, "C6": 0.5609999999999999, "Final": 0.5568101098491484, "Rank": 31}, "volleyball": {"C1": 0.5404542122214987, "C5": 0.8447891935484183, "C3": 0.75, "C2": 0.2672064777327936, "C4": 0.6429726109244839, "C6": 0.3365, "Final": 0.5541213073790949, "Rank": 32}, "baseball": {"C1": 0.5316931073038281, "C5": 0.8447891935484183, "C3": 0.75, "C2": 0.2672064777327936, "C4": 0.6429726109244839, "C6": 0.3365, "Final": 0.5517775922941673, "Rank": 33}, "football": {"C1": 0.8320701180515245, "C5": 1.0, "C3": 0.25, "C2": 0.2672064777327936, "C4": 0.6429726109244839, "C6": 0.3365, "Final": 0.5370869885582293, "Rank": 34}, "bmx racing": {"C1": 0.17873451031849563, "C5": 0.8447891935484183, "C3": 0.5, "C2": 0.8712011577424024, "C4": 0.9729558793075354, "C6": 0.653, "Final": 0.5322385620002711, "Rank": 35}, "ice hockey": {"C1": 0.49147405018000756, "C5": 0.75, "C3": 0.75, "C2": 0.2672064777327936, "C4": 0.6429726109244839, "C6": 0.3365, "Final": 0.5272549006087055, "Rank": 36}, "track cycling": {"C1": 0.15563690113959205, "C5": 0.8447891935484183, "C3": 0.5, "C2": 0.8712011577424024, "C4": 0.9729558793075354, "C6": 0.653, "Final": 0.5253544614661773, "Rank": 37}, "ultimate frisbee": {"C1": 0.13921783342717076, "C5": 1.0, "C3": 1.0, "C2": 0.2672064777327936, "C4": 0.6429726109244839, "C6": 0.3365, "Final": 0.5165337736913405, "Rank": 38}, "fencing": {"C1": 0.12987186380903118, "C5": 0.75, "C3": 0.75, "C2": 0.646067415730337, "C4": 0.868138971180223, "C6": 0.5609999999999999, "Final": 0.5118116710828615, "Rank": 39}, "flag football": {"C1": 0.20383807514172142, "C5": 0.8222964009221556, "C3": 1.0, "C2": 0.2672064777327936, "C4": 0.6429726109244839, "C6": 0.3365, "Final": 0.5109613233974467, "Rank": 40}, "sailing": {"C1": 0.26970108944576043, "C5": 0.6026091626590825, "C3": 0.75, "C2": 0.5641025641025641, "C4": 0.8280585670705144, "C6": 0.405, "Final": 0.5057603424614289, "Rank": 41}, "golf": {"C1": 0.6366947823056344, "C5": 0.8447891935484183, "C3": 0.0, "C2": 0.646067415730337, "C4": 0.868138971180223, "C6": 0.5609999999999999, "Final": 0.49950532100617945, "Rank": 42}, "american football": {"C1": 0.6086164338426141, "C5": 1.0, "C3": 0.25, "C2": 0.2672064777327936, "C4": 0.6429726109244839, "C6": 0.3365, "Final": 0.48776074457224733, "Rank": 43}, "rugby sevens": {"C1": 0.1262840774511291, "C5": 0.75, "C3": 1.0, "C2": 0.2672064777327936, "C4": 0.6429726109244839, "C6": 0.3365, "Final": 0.4857921451296759, "Rank": 44},