{"shooting": {"C1": 0.6012932455304274, "C5": 0.8447891935484183, "C3": 0.75, "C2": 0.901111761263897, "C4": 0.9967325820825841, "C6": 0.643, "Final": 0.7639099694138106, "Rank": 1}, "swimming": {"C1": 0.6555984230545798, "C5": 0.75, "C3": 0.5, "C2": 0.9556509298998569, "C4": 1.0, "C6": 0.7050000000000001, "Final": 0.7157174957515879, "Rank": 2}, "cricket": {"C1": 0.6631100144796714, "C5": 0.6026091626590825, "C3": 0.75, "C2": 0.646067415730337, "C4": 0.868138971180223, "C6": 0.5609999999999999, "Final": 0.7028915859762727, "Rank": 3}, "athletics": {"C1": 0.43364749805602787, "C5": 0.75, "C3": 1.0, "C2": 0.901111761263897, "C4": 0.9967325820825841, "C6": 0.643, "Final": 0.6806350669845278, "Rank": 4}, "boxing": {"C1": 0.5934832865287767, "C5": 0.5, "C3": 0.75, "C2": 0.6470697501625337, "C4": 0.9383148783941478, "C6": 0.6587, "Final": 0.6545483017192999, "Rank": 5}, "equestrian": {"C1": 0.4432157832217689, "C5": 0.75, "C3": 0.75, "C2": 0.901111761263897, "C4": 0.9967325820825841, "C6": 0.643, "Final": 0.6516431728912324, "Rank": 6}, "skateboarding": {"C1": 0.39954131450222513, "C5": 0.75, "C3": 0.75, "C2": 0.901111761263897, "C4": 0.9967325820825841, "C6": 0.643, "Final": 0.6254049215829676, "Rank": 7}, "basketball": {"C1": 0.6462690044968488, "C5": 1.0, "C3": 0.75, "C2": 0.2672064777327936, "C4": 0.6429726109244839, "C6": 0.3365, "Final": 0.6242631673484815, "Rank": 8}, "tennis": {"C1": 0.6914537808947182, "C5": 0.8222964009221556, "C3": 0.25, "C2": 0.646067415730337, "C4": 0.868138971180223, "C6": 0.5609999999999999, "Final": 0.6164466811601983, "Rank": 9}, "badminton": {"C1": 0.3832005254312965, "C5": 0.75, "C3": 1.0, "C2": 0.646067415730337, "C4": 0.868138971180223, "C6": 0.5609999999999999, "Final": 0.6106756332887046, "Rank": 10}, "triathlon": {"C1": 0.3316684937576445, "C5": 0.8447891935484183, "C3": 0.75, "C2": 0.901111761263897, "C4": 0.9967325820825841, "C6": 0.643, "Final": 0.5975583776325527, "Rank": 11}, "baseball": {"C1": 0.5995671519636424, "C5": 0.8447891935484183, "C3": 0.75, "C2": 0.2672064777327936, "C4": 0.6429726109244839, "C6": 0.3365, "Final": 0.59404896515771, "Rank": 12}, "football": {"C1": 0.8284031364480346, "C5": 1.0, "C3": 0.25, "C2": 0.2672064777327936, "C4": 0.6429726109244839, "C6": 0.3365, "Final": 0.5914522763171681, "Rank": 13}, "table tennis": {"C1": 0.41810012111026196, "C5": 0.75, "C3": 0.75, "C2": 0.646067415730337, "C4": 0.868138971180223, "C6": 0.5609999999999999, "Final": 0.5904610289177796, "Rank": 14}, "esports": {"C1": 0.2866784209497554, "C5": 1.0, "C3": 1.0, "C2": 0.6470697501625337, "C4": 0.9383148783941478, "C6": 0.6587, "Final": 0.5890920583227375, "Rank": 15}, "artistic swimming": {"C1": 0.2906685155706443, "C5": 0.8447891935484183, "C3": 0.75, "C2": 0.9556509298998569, "C4": 1.0, "C6": 0.7050000000000001, "Final": 0.5838135805710152, "Rank": 16}, "golf": {"C1": 0.7510244395100942, "C5": 0.8447891935484183, "C3": 0.0, "C2": 0.646067415730337, "C4": 0.868138971180223, "C6": 0.5609999999999999, "Final": 0.5791255714586656, "Rank": 17}, "rowing": {"C1": 0.3240998842269462, "C5": 0.6320125519135693, "C3": 0.75, "C2": 0.9556509298998569, "C4": 1.0, "C6": 0.7050000000000001, "Final": 0.5767612800800666, "Rank": 18}, "volleyball": {"C1": 0.5414601843999864, "C5": 0.8447891935484183, "C3": 0.75, "C2": 0.2672064777327936, "C4": 0.6429726109244839, "C6": 0.3365, "Final": 0.5704501799870298, "Rank": 19}, "archery": {"C1": 0.3532471991254986, "C5": 0.5, "C3": 1.0, "C2": 0.646067415730337, "C4": 0.868138971180223, "C6": 0.5609999999999999, "Final": 0.5630353988928457, "Rank": 20}, "judo": {"C1": 0.30708778107623125, "C5": 0.6320125519135693, "C3": 1.0, "C2": 0.6470697501625337, "C4": 0.9383148783941478, "C6": 0.6587, "Final": 0.5614125475062027, "Rank": 21}, "surfing": {"C1": 0.3840044883406305, "C5": 0.8447891935484183, "C3": 0.75, "C2": 0.5641025641025641, "C4": 0.8280585670705144, "C6": 0.405, "Final": 0.5603437821676789, "Rank": 22}, "rugby union": {"C1": 0.6400967104515495, "C5": 0.75, "C3": 0.5, "C2": 0.2672064777327936, "C4": 0.6429726109244839, "C6": 0.3365, "Final": 0.5560514561431852, "Rank": 23}, "weightlifting": {"C1": 0.33698152119451114, "C5": 0.8447891935484183, "C3": 0.5, "C2": 0.901111761263897, "C4": 0.9967325820825841, "C6": 0.643, "Final": 0.5534347853437952, "Rank": 24}, "ice hockey": {"C1": 0.4962792766658377, "C5": 0.75, "C3": 0.75, "C2": 0.2672064777327936, "C4": 0.6429726109244839, "C6": 0.3365, "Final": 0.5401433686950595, "Rank": 25}, "diving": {"C1": 0.21283817407124012, "C5": 0.75, "C3": 0.75, "C2": 0.9556509298998569, "C4": 1.0, "C6": 0.7050000000000001, "Final": 0.5367561080772898, "Rank": 26}, "american football": {"C1": 0.6320264099829902, "C5": 1.0, "C3": 0.25, "C2": 0.2672064777327936, "C4": 0.6429726109244839, "C6": 0.3365, "Final": 0.533790693744895, "Rank": 27}, "artistic gymnastics": {"C1": 0.3123946247818803, "C5": 0.7127394326953596, "C3": 0.75, "C2": 0.6470697501625337, "C4": 0.9383148783941478, "C6": 0.6587, "Final": 0.5319028368179702, "Rank": 28}, "water polo": {"C1": 0.21947737468622963, "C5": 0.6026091626590825, "C3": 0.75, "C2": 0.9556509298998569, "C4": 1.0, "C6": 0.7050000000000001, "Final": 0.5229205014026501, "Rank": 29}, "modern pentathlon": {"C1": 0.13850643459176293, "C5": 0.6026091626590825, "C3": 1.0, "C2": 0.901111761263897, "C4": 0.9967325820825841, "C6": 0.643, "Final": 0.5190124455428833, "Rank": 30}, "mountain biking": {"C1": 0.17108785221769812, "C5": 0.8447891935484183, "C3": 0.75, "C2": 0.8712011577424024, "C4": 0.9729558793075354, "C6": 0.653, "Final": 0.5164554869985191, "Rank": 31}, "sport climbing": {"C1": 0.14722769489607154, "C5": 0.8447891935484183, "C3": 0.75, "C2": 0.901111761263897, "C4": 0.9967325820825841, "C6": 0.643, "Final": 0.5107904265883996, "Rank": 32}, "road cycling": {"C1": 0.08178002628020561, "C5": 0.7127394326953596, "C3": 1.0, "C2": 0.8712011577424024, "C4": 0.9729558793075354, "C6": 0.653, "Final": 0.5061518967245462, "Rank": 33}, "canoe sprint": {"C1": 0.10089093831032762, "C5": 0.8447891935484183, "C3": 0.75, "C2": 0.9556509298998569, "C4": 1.0, "C6": 0.7050000000000001, "Final": 0.5023069173903523, "Rank": 34}, "canoe slalom": {"C1": 0.06562325790462227, "C5": 0.8447891935484183, "C3": 0.75, "C2": 0.9556509298998569, "C4": 1.0, "C6": 0.7050000000000001, "Final": 0.49052335130722036, "Rank": 35}, "rhythmic gymnastics": {"C1": 0.21207903633088632, "C5": 0.75, "C3": 0.75, "C2": 0.6470697501625337, "C4": 0.9383148783941478, "C6": 0.6587, "Final": 0.4888127774373004, "Rank": 36}, "fencing": {"C1": 0.22254517710072647, "C5": 0.75, "C3": 0.75, "C2": 0.646067415730337, "C4": 0.868138971180223, "C6": 0.5609999999999999, "Final": 0.48873249582932443, "Rank": 37}, "rugby sevens": {"C1": 0.2690641298930758, "C5": 0.75, "C3": 1.0, "C2": 0.2672064777327936, "C4": 0.6429726109244839, "C6": 0.3365, "Final": 0.4876343729520454, "Rank": 38}, "freestyle bmx": {"C1": 0.1157462212741662, "C5": 0.75, "C3": 0.75, "C2": 0.8712011577424024, "C4": 0.9729558793075354, "C6": 0.653, "Final": 0.4845751163973161, "Rank": 39}, "marathon swimming": {"C1": 0.06554656381090133, "C5": 0.6320125519135693, "C3": 0.75, "C2": 0.9556509298998569, "C4": 1.0, "C6": 0.7050000000000001, "Final": 0.4688465161551992, "Rank": 40}, "ultimate frisbee": {"C1": 0.11124992451974781, "C5": 1.0, "C3": 1.0, "C2": 0.2672064777327936, "C4": 0.6429726109244839, "C6": 0.3365, "Final": 0.4639585993026857, "Rank": 41}, "wrestling": {"C1": 0.4695902450435764, "C5": 0.0, "C3": 0.5, "C2": 0.6470697501625337, "C4": 0.9383148783941478, "C6": 0.6587, "Final": 0.45729869081392743, "Rank": 42}, "bmx racing": {"C1": 0.11590230493415057, "C5": 0.8447891935484183, "C3": 0.5, "C2": 0.8712011577424024, "C4": 0.9729558793075354, "C6": 0.653, "Final": 0.45452500305426197, "Rank": 43}, "flag football": {"C1": 0.10151879256314188, "C5": 0.8222964009221556, "C3": 1.0, "C2": 0.2672064777327936, "C4": 0.6429726109244839, "C6": 0.3365, "Final": 0.44271458938990027, "Rank": 44},