{"shooting": {"C1": 0.5367314808107004, "C5": 0.8447891935484183, "C3": 0.75, "C2": 0.901111761263897, "C4": 0.9967325820825841, "C6": 0.643, "Final": 0.7671519255164955, "Rank": 1}, "athletics": {"C1": 0.49000320378797363, "C5": 0.75, "C3": 1.0, "C2": 0.901111761263897, "C4": 0.9967325820825841, "C6": 0.643, "Final": 0.7600591696404647, "Rank": 2}, "swimming": {"C1": 0.7135455752631341, "C5": 0.75, "C3": 0.5, "C2": 0.9556509298998569, "C4": 1.0, "C6": 0.7050000000000001, "Final": 0.7578567871192744, "Rank": 3}, "table tennis": {"C1": 0.6477510685800054, "C5": 0.75, "C3": 0.75, "C2": 0.646067415730337, "C4": 0.868138971180223, "C6": 0.5609999999999999, "Final": 0.7510218516092811, "Rank": 4}, "sport climbing": {"C1": 0.46678452395875547, "C5": 0.8447891935484183, "C3": 0.75, "C2": 0.901111761263897, "C4": 0.9967325820825841, "C6": 0.643, "Final": 0.7198634211486408, "Rank": 5}, "triathlon": {"C1": 0.45377881197952363, "C5": 0.8447891935484183, "C3": 0.75, "C2": 0.901111761263897, "C4": 0.9967325820825841, "C6": 0.643, "Final": 0.7110522361858941, "Rank": 6}, "archery": {"C1": 0.5536709593977073, "C5": 0.5, "C3": 1.0, "C2": 0.646067415730337, "C4": 0.868138971180223, "C6": 0.5609999999999999, "Final": 0.699314756208664, "Rank": 7}, "artistic swimming": {"C1": 0.41752395320813274, "C5": 0.8447891935484183, "C3": 0.75, "C2": 0.9556509298998569, "C4": 1.0, "C6": 0.7050000000000001, "Final": 0.6935196460926376, "Rank": 8}, "esports": {"C1": 0.4134078089779635, "C5": 1.0, "C3": 1.0, "C2": 0.6470697501625337, "C4": 0.9383148783941478, "C6": 0.6587, "Final": 0.6907511674951532, "Rank": 9}, "rowing": {"C1": 0.4561934846497546, "C5": 0.6320125519135693, "C3": 0.75, "C2": 0.9556509298998569, "C4": 1.0, "C6": 0.7050000000000001, "Final": 0.6889212345061344, "Rank": 10}, "judo": {"C1": 0.4775734749430921, "C5": 0.6320125519135693, "C3": 1.0, "C2": 0.6470697501625337, "C4": 0.9383148783941478, "C6": 0.6587, "Final": 0.6880419754657445, "Rank": 11}, "cricket": {"C1": 0.5628227775692461, "C5": 0.6026091626590825, "C3": 0.75, "C2": 0.646067415730337, "C4": 0.868138971180223, "C6": 0.5609999999999999, "Final": 0.6863192900926068, "Rank": 12}, "equestrian": {"C1": 0.4346125966363865, "C5": 0.75, "C3": 0.75, "C2": 0.901111761263897, "C4": 0.9967325820825841, "C6": 0.643, "Final": 0.6862053876459813, "Rank": 13}, "weightlifting": {"C1": 0.49250572780197244, "C5": 0.8447891935484183, "C3": 0.5, "C2": 0.901111761263897, "C4": 0.9967325820825841, "C6": 0.643, "Final": 0.67200477816865, "Rank": 14}, "boxing": {"C1": 0.5487434755792528, "C5": 0.5, "C3": 0.75, "C2": 0.6470697501625337, "C4": 0.9383148783941478, "C6": 0.6587, "Final": 0.664381888435115, "Rank": 15}, "artistic gymnastics": {"C1": 0.47112134159555125, "C5": 0.7127394326953596, "C3": 0.75, "C2": 0.6470697501625337, "C4": 0.9383148783941478, "C6": 0.6587, "Final": 0.6583574570746927, "Rank": 16}, "skateboarding": {"C1": 0.3823143520414034, "C5": 0.75, "C3": 0.75, "C2": 0.901111761263897, "C4": 0.9967325820825841, "C6": 0.643, "Final": 0.6521953813177169, "Rank": 17}, "tennis": {"C1": 0.744418504687719, "C5": 0.8222964009221556, "C3": 0.25, "C2": 0.646067415730337, "C4": 0.868138971180223, "C6": 0.5609999999999999, "Final": 0.6498796318897999, "Rank": 18}, "badminton": {"C1": 0.37393623347079263, "C5": 0.75, "C3": 1.0, "C2": 0.646067415730337, "C4": 0.868138971180223, "C6": 0.5609999999999999, "Final": 0.6392452631349814, "Rank": 19}, "volleyball": {"C1": 0.6532428331173471, "C5": 0.8447891935484183, "C3": 0.75, "C2": 0.2672064777327936, "C4": 0.6429726109244839, "C6": 0.3365, "Final": 0.63403245194882, "Rank": 20}, "baseball": {"C1": 0.5992144720174629, "C5": 0.8447891935484183, "C3": 0.75, "C2": 0.2672064777327936, "C4": 0.6429726109244839, "C6": 0.3365, "Final": 0.6165422142432253, "Rank": 21}, "basketball": {"C1": 0.5491823131067565, "C5": 1.0, "C3": 0.75, "C2": 0.2672064777327936, "C4": 0.6429726109244839, "C6": 0.3365, "Final": 0.6116414530712614, "Rank": 22}, "surfing": {"C1": 0.3745874074505668, "C5": 0.8447891935484183, "C3": 0.75, "C2": 0.5641025641025641, "C4": 0.8280585670705144, "C6": 0.405, "Final": 0.5868640760275134, "Rank": 23}, "golf": {"C1": 0.7140660792914814, "C5": 0.8447891935484183, "C3": 0.0, "C2": 0.646067415730337, "C4": 0.868138971180223, "C6": 0.5609999999999999, "Final": 0.5850417122238556, "Rank": 24}, "diving": {"C1": 0.2359503524670248, "C5": 0.75, "C3": 0.75, "C2": 0.9556509298998569, "C4": 1.0, "C6": 0.7050000000000001, "Final": 0.5744085369798131, "Rank": 25}, "football": {"C1": 0.6967028096102661, "C5": 1.0, "C3": 0.25, "C2": 0.2672064777327936, "C4": 0.6429726109244839, "C6": 0.3365, "Final": 0.5731094486327739, "Rank": 26}, "rhythmic gymnastics": {"C1": 0.32115525408738377, "C5": 0.75, "C3": 0.75, "C2": 0.6470697501625337, "C4": 0.9383148783941478, "C6": 0.6587, "Final": 0.5727097253626411, "Rank": 27}, "taekwondo": {"C1": 0.5546577700876629, "C5": 0.25, "C3": 0.5, "C2": 0.6470697501625337, "C4": 0.9383148783941478, "C6": 0.6587, "Final": 0.5643125515170089, "Rank": 28}, "modern pentathlon": {"C1": 0.12700199339411122, "C5": 0.6026091626590825, "C3": 1.0, "C2": 0.901111761263897, "C4": 0.9967325820825841, "C6": 0.643, "Final": 0.5352171695356285, "Rank": 29}, "ice hockey": {"C1": 0.42126807787521725, "C5": 0.75, "C3": 0.75, "C2": 0.2672064777327936, "C4": 0.6429726109244839, "C6": 0.3365, "Final": 0.5318066614025405, "Rank": 30}, "rugby union": {"C1": 0.5213148785585876, "C5": 0.75, "C3": 0.5, "C2": 0.2672064777327936, "C4": 0.6429726109244839, "C6": 0.3365, "Final": 0.5302577285894888, "Rank": 31}, "road cycling": {"C1": 0.0843850637560438, "C5": 0.7127394326953596, "C3": 1.0, "C2": 0.8712011577424024, "C4": 0.9729558793075354, "C6": 0.653, "Final": 0.5257826761812032, "Rank": 32}, "fencing": {"C1": 0.2438125905392094, "C5": 0.75, "C3": 0.75, "C2": 0.646067415730337, "C4": 0.868138971180223, "C6": 0.5609999999999999, "Final": 0.5248683304761635, "Rank": 33}, "american football": {"C1": 0.5376464488968252, "C5": 1.0, "C3": 0.25, "C2": 0.2672064777327936, "C4": 0.6429726109244839, "C6": 0.3365, "Final": 0.5197478211199055, "Rank": 34}, "canoe sprint": {"C1": 0.05324944727996377, "C5": 0.8447891935484183, "C3": 0.75, "C2": 0.9556509298998569, "C4": 1.0, "C6": 0.7050000000000001, "Final": 0.5037854531596552, "Rank": 35}, "canoe slalom": {"C1": 0.05315190230715408, "C5": 0.8447891935484183, "C3": 0.75, "C2": 0.9556509298998569, "C4": 1.0, "C6": 0.7050000000000001, "Final": 0.5037506546444048, "Rank": 36}, "rugby sevens": {"C1": 0.24055647864569263, "C5": 0.75, "C3": 1.0, "C2": 0.2672064777327936, "C4": 0.6429726109244839, "C6": 0.3365, "Final": 0.49671504904276337, "Rank": 37}, "water polo": {"C1": 0.09317140630866177, "C5": 0.6026091626590825, "C3": 0.75, "C2": 0.9556509298998569, "C4": 1.0, "C6": 0.7050000000000001, "Final": 0.4927581265040348, "Rank": 38}, "freestyle bmx": {"C1": 0.06382223249739315, "C5": 0.75, "C3": 0.75, "C2": 0.8712011577424024, "C4": 0.9729558793075354, "C6": 0.653, "Final": 0.4844883529759136, "Rank": 39}, "mountain biking": {"C1": 0.028336035121201888, "C5": 0.8447891935484183, "C3": 0.75, "C2": 0.8712011577424024, "C4": 0.9729558793075354, "C6": 0.653, "Final": 0.4826189926044741, "Rank": 40}, "marathon swimming": {"C1": 0.05308978352324799, "C5": 0.6320125519135693, "C3": 0.75, "C2": 0.9556509298998569, "C4": 1.0, "C6": 0.7050000000000001, "Final": 0.48151812583141024, "Rank": 41}, "track cycling": {"C1": 0.07795569196193954, "C5": 0.8447891935484183, "C3": 0.5, "C2": 0.8712011577424024, "C4": 0.9729558793075354, "C6": 0.653, "Final": 0.45903110867105495, "Rank": 42}, "ultimate frisbee": {"C1": 0.040442063567902815, "C5": 1.0, "C3": 1.0, "C2": 0.2672064777327936, "C4": 0.6429726109244839, "C6": 0.3365, "Final": 0.4588508208884867, "Rank": 43}, "flag football": {"C1": 0.10037258114902706, "C5": 0.8222964009221556, "C3": 1.0, "C2": 0.2672064777327936, "C4": 0.6429726109244839, "C6": 0.3365, "Final": 0.4566353406305168, "Rank": 44},