{"cricket": {"C1": 0.6868154913888442, "C5": 0.6026091626590825, "C3": 0.75, "C2": 0.646067415730337, "C4": 0.868138971180223, "C6": 0.5609999999999999, "Final": 0.6701763874382674, "Rank": 1}, "swimming": {"C1": 0.6426021778843265, "C5": 0.75, "C3": 0.5, "C2": 0.9556509298998569, "C4": 1.0, "C6": 0.7050000000000001, "Final": 0.6592278076326195, "Rank": 2}, "shooting": {"C1": 0.5539713770274497, "C5": 0.8447891935484183, "C3": 0.75, "C2": 0.901111761263897, "C4": 0.9967325820825841, "C6": 0.643, "Final": 0.6511692846521538, "Rank": 3}, "football": {"C1": 1.0, "C5": 1.0, "C3": 0.25, "C2": 0.2672064777327936, "C4": 0.6429726109244839, "C6": 0.3365, "Final": 0.6474458626435602, "Rank": 4}, "basketball": {"C1": 0.7421183861666486, "C5": 1.0, "C3": 0.75, "C2": 0.2672064777327936, "C4": 0.6429726109244839, "C6": 0.3365, "Final": 0.6426375012589867, "Rank": 5}, "tennis": {"C1": 0.7289603979862227, "C5": 0.8222964009221556, "C3": 0.25, "C2": 0.646067415730337, "C4": 0.868138971180223, "C6": 0.5609999999999999, "Final": 0.6196206509176585, "Rank": 6}, "volleyball": {"C1": 0.6849525556724343, "C5": 0.8447891935484183, "C3": 0.75, "C2": 0.2672064777327936, "C4": 0.6429726109244839, "C6": 0.3365, "Final": 0.6087371867316548, "Rank": 7}, "boxing": {"C1": 0.5938884936739351, "C5": 0.5, "C3": 0.75, "C2": 0.6470697501625337, "C4": 0.9383148783941478, "C6": 0.6587, "Final": 0.6068470107080486, "Rank": 8}, "athletics": {"C1": 0.43229795262790605, "C5": 0.75, "C3": 1.0, "C2": 0.901111761263897, "C4": 0.9967325820825841, "C6": 0.643, "Final": 0.5997749896557212, "Rank": 9}, "baseball": {"C1": 0.5935813850991303, "C5": 0.8447891935484183, "C3": 0.75, "C2": 0.2672064777327936, "C4": 0.6429726109244839, "C6": 0.3365, "Final": 0.5663066342763258, "Rank": 10}, "skateboarding": {"C1": 0.3971734769103553, "C5": 0.75, "C3": 0.75, "C2": 0.901111761263897, "C4": 0.9967325820825841, "C6": 0.643, "Final": 0.5517505639592045, "Rank": 11}, "golf": {"C1": 0.673729169347511, "C5": 0.8447891935484183, "C3": 0.0, "C2": 0.646067415730337, "C4": 0.868138971180223, "C6": 0.5609999999999999, "Final": 0.5503346446346934, "Rank": 12}, "equestrian": {"C1": 0.37683342718492197, "C5": 0.75, "C3": 0.75, "C2": 0.901111761263897, "C4": 0.9967325820825841, "C6": 0.643, "Final": 0.5408797403244906, "Rank": 13}, "surfing": {"C1": 0.4418375419671924, "C5": 0.8447891935484183, "C3": 0.75, "C2": 0.5641025641025641, "C4": 0.8280585670705144, "C6": 0.405, "Final": 0.5350244055949033, "Rank": 14}, "badminton": {"C1": 0.36618027703579, "C5": 0.75, "C3": 1.0, "C2": 0.646067415730337, "C4": 0.868138971180223, "C6": 0.5609999999999999, "Final": 0.5349252933145979, "Rank": 15}, "table tennis": {"C1": 0.42867832787736976, "C5": 0.75, "C3": 0.75, "C2": 0.646067415730337, "C4": 0.868138971180223, "C6": 0.5609999999999999, "Final": 0.5345431296313882, "Rank": 16}, "esports": {"C1": 0.2966816955570425, "C5": 1.0, "C3": 1.0, "C2": 0.6470697501625337, "C4": 0.9383148783941478, "C6": 0.6587, "Final": 0.525818036284167, "Rank": 17}, "american football": {"C1": 0.6235292449872968, "C5": 1.0, "C3": 0.25, "C2": 0.2672064777327936, "C4": 0.6429726109244839, "C6": 0.3365, "Final": 0.5235384083443441, "Rank": 18}, "ice hockey": {"C1": 0.49328214871281517, "C5": 0.75, "C3": 0.75, "C2": 0.2672064777327936, "C4": 0.6429726109244839, "C6": 0.3365, "Final": 0.5083957890585757, "Rank": 19}, "triathlon": {"C1": 0.29114604608335903, "C5": 0.8447891935484183, "C3": 0.75, "C2": 0.901111761263897, "C4": 0.9967325820825841, "C6": 0.643, "Final": 0.5068700136778584, "Rank": 20}, "judo": {"C1": 0.32231069324801653, "C5": 0.6320125519135693, "C3": 1.0, "C2": 0.6470697501625337, "C4": 0.9383148783941478, "C6": 0.6587, "Final": 0.505928068907172, "Rank": 21}, "artistic swimming": {"C1": 0.26184387166685824, "C5": 0.8447891935484183, "C3": 0.75, "C2": 0.9556509298998569, "C4": 1.0, "C6": 0.7050000000000001, "Final": 0.5011207455121165, "Rank": 22}, "rowing": {"C1": 0.2811314218694395, "C5": 0.6320125519135693, "C3": 0.75, "C2": 0.9556509298998569, "C4": 1.0, "C6": 0.7050000000000001, "Final": 0.49038520299683325, "Rank": 23}, "rugby union": {"C1": 0.5222611693543775, "C5": 0.75, "C3": 0.5, "C2": 0.2672064777327936, "C4": 0.6429726109244839, "C6": 0.3365, "Final": 0.4862256200111731, "Rank": 24}, "water polo": {"C1": 0.26188748437023407, "C5": 0.6026091626590825, "C3": 0.75, "C2": 0.9556509298998569, "C4": 1.0, "C6": 0.7050000000000001, "Final": 0.4790273204048185, "Rank": 25}, "artistic gymnastics": {"C1": 0.3228560692902265, "C5": 0.7127394326953596, "C3": 0.75, "C2": 0.6470697501625337, "C4": 0.9383148783941478, "C6": 0.6587, "Final": 0.4777067021112667, "Rank": 26}, "sport climbing": {"C1": 0.219051851418573, "C5": 0.8447891935484183, "C3": 0.75, "C2": 0.901111761263897, "C4": 0.9967325820825841, "C6": 0.643, "Final": 0.47516598076401917, "Rank": 27}, "diving": {"C1": 0.22036948568188752, "C5": 0.75, "C3": 0.75, "C2": 0.9556509298998569, "C4": 1.0, "C6": 0.7050000000000001, "Final": 0.474997151928778, "Rank": 28}, "weightlifting": {"C1": 0.2910235713148371, "C5": 0.8447891935484183, "C3": 0.5, "C2": 0.901111761263897, "C4": 0.9967325820825841, "C6": 0.643, "Final": 0.4723493336020921, "Rank": 29}, "archery": {"C1": 0.279680204986839, "C5": 0.5, "C3": 1.0, "C2": 0.646067415730337, "C4": 0.868138971180223, "C6": 0.5609999999999999, "Final": 0.47072313882601713, "Rank": 30}, "rhythmic gymnastics": {"C1": 0.2813851001829588, "C5": 0.75, "C3": 0.75, "C2": 0.6470697501625337, "C4": 0.9383148783941478, "C6": 0.6587, "Final": 0.46155885739215025, "Rank": 31}, "modern pentathlon": {"C1": 0.14310662302807292, "C5": 0.6026091626590825, "C3": 1.0, "C2": 0.901111761263897, "C4": 0.9967325820825841, "C6": 0.643, "Final": 0.4582619677279235, "Rank": 32}, "fencing": {"C1": 0.24055068700876175, "C5": 0.75, "C3": 0.75, "C2": 0.646067415730337, "C4": 0.868138971180223, "C6": 0.5609999999999999, "Final": 0.4391023951849882, "Rank": 33}, "canoe sprint": {"C1": 0.09626536394998948, "C5": 0.8447891935484183, "C3": 0.75, "C2": 0.9556509298998569, "C4": 1.0, "C6": 0.7050000000000001, "Final": 0.4388711366031136, "Rank": 34}, "canoe slalom": {"C1": 0.09614613818210274, "C5": 0.8447891935484183, "C3": 0.75, "C2": 0.9556509298998569, "C4": 1.0, "C6": 0.7050000000000001, "Final": 0.43883403961155687, "Rank": 35}, "mountain biking": {"C1": 0.1287538675729853, "C5": 0.8447891935484183, "C3": 0.75, "C2": 0.8712011577424024, "C4": 0.9729558793075354, "C6": 0.653, "Final": 0.43760944723974243, "Rank": 36}, "wrestling": {"C1": 0.4569838851434077, "C5": 0.0, "C3": 0.5, "C2": 0.6470697501625337, "C4": 0.9383148783941478, "C6": 0.6587, "Final": 0.4338123073568834, "Rank": 37}, "road cycling": {"C1": 0.028477859760014403, "C5": 0.7127394326953596, "C3": 1.0, "C2": 0.8712011577424024, "C4": 0.9729558793075354, "C6": 0.653, "Final": 0.42932604256697576, "Rank": 38}, "ultimate frisbee": {"C1": 0.13427870187229476, "C5": 1.0, "C3": 1.0, "C2": 0.2672064777327936, "C4": 0.6429726109244839, "C6": 0.3365, "Final": 0.4228440986704334, "Rank": 39}, "marathon swimming": {"C1": 0.0960702125910849, "C5": 0.6320125519135693, "C3": 0.75, "C2": 0.9556509298998569, "C4": 1.0, "C6": 0.7050000000000001, "Final": 0.4195749419877342, "Rank": 40}, "freestyle bmx": {"C1": 0.0898724393490482, "C5": 0.75, "C3": 0.75, "C2": 0.8712011577424024, "C4": 0.9729558793075354, "C6": 0.653, "Final": 0.41575812465048634, "Rank": 41}, "track cycling": {"C1": 0.14246450385805948, "C5": 0.8447891935484183, "C3": 0.5, "C2": 0.8712011577424024, "C4": 0.9729558793075354, "C6": 0.653, "Final": 0.408284337878014, "Rank": 42}, "handball": {"C1": 0.36898980438363166, "C5": 0.75, "C3": 0.5, "C2": 0.2672064777327936, "C4": 0.6429726109244839, "C6": 0.3365, "Final": 0.40718038368166687, "Rank": 43}, "flag football": {"C1": 0.07304523286709862, "C5": 0.8222964009221556, "C3": 1.0, "C2": 0.2672064777327936, "C4": 0.6429726109244839, "C6": 0.3365, "Final": 0.38896127391734386, "Rank": 44},