{"shooting": {"C1": 0.5900833322938737, "C5": 0.8447891935484183, "C3": 0.75, "C2": 0.901111761263897, "C4": 0.9967325820825841, "C6": 0.643, "Final": 0.7347041104246999, "Rank": 1}, "swimming": {"C1": 0.6732970390049772, "C5": 0.75, "C3": 0.5, "C2": 0.9556509298998569, "C4": 1.0, "C6": 0.7050000000000001, "Final": 0.7123253960038383, "Rank": 2}, "cricket": {"C1": 0.6988364250026917, "C5": 0.6026091626590825, "C3": 0.75, "C2": 0.646067415730337, "C4": 0.868138971180223, "C6": 0.5609999999999999, "Final": 0.708875586318775, "Rank": 3}, "athletics": {"C1": 0.4624565710435147, "C5": 0.75, "C3": 1.0, "C2": 0.901111761263897, "C4": 0.9967325820825841, "C6": 0.643, "Final": 0.6749951044094011, "Rank": 4}, "boxing": {"C1": 0.6244969256468338, "C5": 0.5, "C3": 0.75, "C2": 0.6470697501625337, "C4": 0.9383148783941478, "C6": 0.6587, "Final": 0.6577619205272512, "Rank": 5}, "equestrian": {"C1": 0.4663571171736337, "C5": 0.75, "C3": 0.75, "C2": 0.901111761263897, "C4": 0.9967325820825841, "C6": 0.643, "Final": 0.6438891871014435, "Rank": 6}, "badminton": {"C1": 0.45635888302319283, "C5": 0.75, "C3": 1.0, "C2": 0.646067415730337, "C4": 0.868138971180223, "C6": 0.5609999999999999, "Final": 0.6312237520262776, "Rank": 7}, "basketball": {"C1": 0.6820048057271084, "C5": 1.0, "C3": 0.75, "C2": 0.2672064777327936, "C4": 0.6429726109244839, "C6": 0.3365, "Final": 0.6307601021738882, "Rank": 8}, "surfing": {"C1": 0.5050813960590268, "C5": 0.8447891935484183, "C3": 0.75, "C2": 0.5641025641025641, "C4": 0.8280585670705144, "C6": 0.405, "Final": 0.60945214539743, "Rank": 9}, "tennis": {"C1": 0.6731250914826064, "C5": 0.8222964009221556, "C3": 0.25, "C2": 0.646067415730337, "C4": 0.868138971180223, "C6": 0.5609999999999999, "Final": 0.6040041564259688, "Rank": 10}, "football": {"C1": 0.8640373779551429, "C5": 1.0, "C3": 0.25, "C2": 0.2672064777327936, "C4": 0.6429726109244839, "C6": 0.3365, "Final": 0.6010725791986042, "Rank": 11}, "skateboarding": {"C1": 0.39260036990198643, "C5": 0.75, "C3": 0.75, "C2": 0.901111761263897, "C4": 0.9967325820825841, "C6": 0.643, "Final": 0.5996179928689466, "Rank": 12}, "triathlon": {"C1": 0.35490041029046204, "C5": 0.8447891935484183, "C3": 0.75, "C2": 0.901111761263897, "C4": 0.9967325820825841, "C6": 0.643, "Final": 0.5886302305816442, "Rank": 13}, "golf": {"C1": 0.773092141867701, "C5": 0.8447891935484183, "C3": 0.0, "C2": 0.646067415730337, "C4": 0.868138971180223, "C6": 0.5609999999999999, "Final": 0.5848783274261048, "Rank": 14}, "rowing": {"C1": 0.36672414332450365, "C5": 0.6320125519135693, "C3": 0.75, "C2": 0.9556509298998569, "C4": 1.0, "C6": 0.7050000000000001, "Final": 0.579007290988276, "Rank": 15}, "baseball": {"C1": 0.5826644553791799, "C5": 0.8447891935484183, "C3": 0.75, "C2": 0.2672064777327936, "C4": 0.6429726109244839, "C6": 0.3365, "Final": 0.5788238470050899, "Rank": 16}, "table tennis": {"C1": 0.4188756211547925, "C5": 0.75, "C3": 0.75, "C2": 0.646067415730337, "C4": 0.868138971180223, "C6": 0.5609999999999999, "Final": 0.5715389838366572, "Rank": 17}, "volleyball": {"C1": 0.5532855596939565, "C5": 0.8447891935484183, "C3": 0.75, "C2": 0.2672064777327936, "C4": 0.6429726109244839, "C6": 0.3365, "Final": 0.5659553451260032, "Rank": 18}, "esports": {"C1": 0.2782819806987078, "C5": 1.0, "C3": 1.0, "C2": 0.6470697501625337, "C4": 0.9383148783941478, "C6": 0.6587, "Final": 0.5651886409686144, "Rank": 19}, "rugby union": {"C1": 0.6402973959466638, "C5": 0.75, "C3": 0.5, "C2": 0.2672064777327936, "C4": 0.6429726109244839, "C6": 0.3365, "Final": 0.5508679025843296, "Rank": 20}, "american football": {"C1": 0.6677701530193259, "C5": 1.0, "C3": 0.25, "C2": 0.2672064777327936, "C4": 0.6429726109244839, "C6": 0.3365, "Final": 0.5428783316148839, "Rank": 21}, "artistic swimming": {"C1": 0.2483976148677703, "C5": 0.8447891935484183, "C3": 0.75, "C2": 0.9556509298998569, "C4": 1.0, "C6": 0.7050000000000001, "Final": 0.5426990219668257, "Rank": 22}, "judo": {"C1": 0.30694821077009493, "C5": 0.6320125519135693, "C3": 1.0, "C2": 0.6470697501625337, "C4": 0.9383148783941478, "C6": 0.6587, "Final": 0.5422101517656532, "Rank": 23}, "weightlifting": {"C1": 0.33503656725679554, "C5": 0.8447891935484183, "C3": 0.5, "C2": 0.901111761263897, "C4": 0.9967325820825841, "C6": 0.643, "Final": 0.5338727749615946, "Rank": 24}, "archery": {"C1": 0.32734113273822335, "C5": 0.5, "C3": 1.0, "C2": 0.646067415730337, "C4": 0.868138971180223, "C6": 0.5609999999999999, "Final": 0.5323369792740167, "Rank": 25}, "ice hockey": {"C1": 0.49694804738587894, "C5": 0.75, "C3": 0.75, "C2": 0.2672064777327936, "C4": 0.6429726109244839, "C6": 0.3365, "Final": 0.5297304870177212, "Rank": 26}, "diving": {"C1": 0.21285347817133787, "C5": 0.75, "C3": 0.75, "C2": 0.9556509298998569, "C4": 1.0, "C6": 0.7050000000000001, "Final": 0.5172687989748648, "Rank": 27}, "modern pentathlon": {"C1": 0.16207349849676464, "C5": 0.6026091626590825, "C3": 1.0, "C2": 0.901111761263897, "C4": 0.9967325820825841, "C6": 0.643, "Final": 0.5095035645709399, "Rank": 28}, "artistic gymnastics": {"C1": 0.2759626930507314, "C5": 0.7127394326953596, "C3": 0.75, "C2": 0.6470697501625337, "C4": 0.9383148783941478, "C6": 0.6587, "Final": 0.49467918936584315, "Rank": 29}, "mountain biking": {"C1": 0.1607835878005779, "C5": 0.8447891935484183, "C3": 0.75, "C2": 0.8712011577424024, "C4": 0.9729558793075354, "C6": 0.653, "Final": 0.4934166191259356, "Rank": 30}, "road cycling": {"C1": 0.09420481041921215, "C5": 0.7127394326953596, "C3": 1.0, "C2": 0.8712011577424024, "C4": 0.9729558793075354, "C6": 0.653, "Final": 0.4925526323637679, "Rank": 31}, "sport climbing": {"C1": 0.1270122043642162, "C5": 0.8447891935484183, "C3": 0.75, "C2": 0.901111761263897, "C4": 0.9967325820825841, "C6": 0.643, "Final": 0.4848174426291803, "Rank": 32}, "water polo": {"C1": 0.16274041266693537, "C5": 0.6026091626590825, "C3": 0.75, "C2": 0.9556509298998569, "C4": 1.0, "C6": 0.7050000000000001, "Final": 0.4814855872698374, "Rank": 33}, "canoe slalom": {"C1": 0.09083758197941935, "C5": 0.8447891935484183, "C3": 0.75, "C2": 0.9556509298998569, "C4": 1.0, "C6": 0.7050000000000001, "Final": 0.4811951270475453, "Rank": 34}, "fencing": {"C1": 0.23156751058292735, "C5": 0.75, "C3": 0.75, "C2": 0.646067415730337, "C4": 0.868138971180223, "C6": 0.5609999999999999, "Final": 0.47447106119572724, "Rank": 35}, "canoe sprint": {"C1": 0.06570703114371844, "C5": 0.8447891935484183, "C3": 0.75, "C2": 0.9556509298998569, "C4": 1.0, "C6": 0.7050000000000001, "Final": 0.47336805402381477, "Rank": 36}, "freestyle bmx": {"C1": 0.09671823878002321, "C5": 0.75, "C3": 0.75, "C2": 0.8712011577424024, "C4": 0.9729558793075354, "C6": 0.653, "Final": 0.46052883527155564, "Rank": 37}, "marathon swimming": {"C1": 0.0797305929805907, "C5": 0.6320125519135693, "C3": 0.75, "C2": 0.9556509298998569, "C4": 1.0, "C6": 0.7050000000000001, "Final": 0.456557256849277, "Rank": 38}, "rhythmic gymnastics": {"C1": 0.17149484696691406, "C5": 0.75, "C3": 0.75, "C2": 0.6470697501625337, "C4": 0.9383148783941478, "C6": 0.6587, "Final": 0.45430067176211075, "Rank": 39}, "ultimate frisbee": {"C1": 0.11107993775699271, "C5": 1.0, "C3": 1.0, "C2": 0.2672064777327936, "C4": 0.6429726109244839, "C6": 0.3365, "Final": 0.4504653430260182, "Rank": 40}, "rugby sevens": {"C1": 0.19988453783141802, "C5": 0.75, "C3": 1.0, "C2": 0.2672064777327936, "C4": 0.6429726109244839, "C6": 0.3365, "Final": 0.45009783252196817, "Rank": 41}, "handball": {"C1": 0.4169050007386254, "C5": 0.75, "C3": 0.5, "C2": 0.2672064777327936, "C4": 0.6429726109244839, "C6": 0.3365, "Final": 0.4443893223341726, "Rank": 42}, "wrestling": {"C1": 0.4563744237729257, "C5": 0.0, "C3": 0.5, "C2": 0.6470697501625337, "C4": 0.9383148783941478, "C6": 0.6587, "Final": 0.4409981735872444, "Rank": 43}, "flag football": {"C1": 0.1139325701784531, "C5": 0.8222964009221556, "C3": 1.0, "C2": 0.2672064777327936, "C4": 0.6429726109244839, "C6": 0.3365, "Final": 0.43273261444416417, "Rank": 44},