{
    "Marathon swimming: (Worldwide)": 10000.000000000064,
    "Canoe sprint: (Worldwide)": 10014.410270592922,
    "Sport climbing: (Worldwide)": 10998.238744705379,
    "Artistic gymnastics: (Worldwide)": 13909.84119590696,
    "Canoe slalom: (Worldwide)": 10005.603994119509,
    "Artistic swimming: (Worldwide)": 12841.596192195228,
    "Rhythmic gymnastics: (Worldwide)": 11800.617894936056,
    "Modern pentathlon: (Worldwide)": 10162.160667239257,
    "Weightlifting: (Worldwide)": 14659.248547805037,
    "Taekwondo: (Worldwide)": 14614.126932743682,
    "Rowing: (Worldwide)": 13848.528604732215,
    "Judo: (Worldwide)": 16793.682241963514,
    "Triathlon: (Worldwide)": 14448.98514456517,
    "BMX racing: (Worldwide)": 8754.822088294028,
    "Freestyle BMX: (Worldwide)": 8744.845747114357,
    "Flag football: (Worldwide)": 8829.490376590713,
    "Archery: (Worldwide)": 15093.610663386724,
    "Sailing: (Worldwide)": 11843.076932003545,
    "Road cycling: (Worldwide)": 7643.897717165305,
    "Trampolining: (Worldwide)": 6195.196308217677,
    "Track cycling: (Worldwide)": 7213.266152451416,
    "Beach volleyball: (Worldwide)": 10871.293437467293,
    "Skateboarding: (Worldwide)": 26919.033110191824,
    "3x3 basketball: (Worldwide)": 8852.35804847676,
    "Breaking: (Worldwide)": 9988.65372085775,
    "Mountain biking: (Worldwide)": 7612.930482367557,
    "Water polo: (Worldwide)": 9920.273601623836,
    "Table tennis: (Worldwide)": 35343.281192595205,
    "Rugby sevens: (Worldwide)": 6871.759465197248,
    "Athletics: (Worldwide)": 31150.932259767644,
    "Ultimate frisbee: (Worldwide)": 7466.686821647958,
    "Equestrian: (Worldwide)": 28297.242061891557,
    "Handball: (Worldwide)": 33569.46134488092,
    "Badminton: (Worldwide)": 38041.76268827862,
    "Fencing: (Worldwide)": 11764.821144245956,
    "Surfing: (Worldwide)": 38265.83419589809,
    "Diving: (Worldwide)": 10959.483598085806,
    "Wrestling: (Worldwide)": 49969.592687339675,
    "Ice hockey: (Worldwide)": 67219.68734914443,
    "Rugby union: (Worldwide)": 58523.27810082746,
    "Boxing: (Worldwide)": 89377.18058562423,
    "Shooting: (Worldwide)": 87454.29737772916,
    "Volleyball: (Worldwide)": 115074.14125833205,
    "Swimming: (Worldwide)": 113586.16853913534,
    "Esports: (Worldwide)": 19806.555883830966,
    "Baseball: (Worldwide)": 140901.0312394528,
    "Tennis: (Worldwide)": 140098.51603384054,
    "Golf: (Worldwide)": 177137.7742532077,
    "American football: (Worldwide)": 193247.02131681837,
    "Cricket: (Worldwide)": 242507.2967447182,
    "Basketball: (Worldwide)": 214435.70677356358,
    "Football: (Worldwide)": 811172.7276256544
}
